Passengerid,Age,Fare,Sex,sibsp,zero,zero.1,zero.2,zero.3,zero.4,zero.5,zero.6,Parch,zero.7,zero.8,zero.9,zero.10,zero.11,zero.12,zero.13,zero.14,Pclass,zero.15,zero.16,Embarked,zero.17,zero.18,2urvived
17,70,47,67,56,40,38,68,66,47,37,66,46,71,32,62,41,67,61,28,47,64,82,56,40,54,56,48
47,58,54,61,53,34,12,58,35,67,53,66,41,45,41,51,51,14,50,56,27,60,44,52,37,55,39,2
38,42,63,60,56,52,40,41,60,55,58,60,44,53,66,95,61,59,48,31,17,41,13,51,61,33,34,49
90,59,49,42,49,58,39,42,50,57,28,37,53,54,49,47,69,71,78,46,54,40,44,44,59,38,41,21
63,31,46,36,53,69,46,90,66,47,39,32,63,24,56,69,51,46,66,61,43,35,74,42,57,46,65,79
58,82,51,40,72,43,38,65,53,51,60,68,66,58,66,68,75,66,75,40,41,55,56,44,60,55,59,48
31,66,55,46,65,42,47,54,48,33,65,70,59,59,41,52,55,47,43,85,46,63,27,57,65,45,48,65
72,62,72,68,41,25,51,37,45,46,52,57,47,46,43,48,38,33,25,34,48,46,51,75,46,35,45,38
55,50,34,38,47,62,80,34,44,46,28,65,43,42,68,52,38,50,58,36,47,47,63,39,51,14,30,68
40,54,74,48,38,73,54,53,59,18,50,25,32,15,25,29,66,35,36,49,24,57,39,16,52,60,69,43
45,43,44,64,49,39,44,56,36,43,49,32,47,63,50,48,47,51,43,35,62,60,49,51,57,36,31,77
61,41,72,30,23,35,42,74,51,66,49,64,58,77,47,43,40,56,43,57,72,60,58,66,30,53,66,54
59,49,48,71,46,66,61,10,50,47,36,70,44,47,69,62,50,51,86,53,53,37,92,68,51,45,33,46
45,57,11,54,51,30,72,51,78,55,36,39,66,47,29,78,62,36,34,44,32,35,72,67,32,54,44,35
44,65,58,59,54,42,50,36,69,88,52,40,74,69,50,35,51,24,40,47,41,54,62,50,49,71,58,40
59,38,32,39,38,49,59,70,50,48,54,36,46,42,36,27,66,40,32,37,59,42,49,21,46,51,55,52
61,61,49,41,28,21,65,65,55,63,30,47,40,54,46,55,60,33,19,86,32,55,16,49,45,35,44,80
48,51,36,37,81,62,54,42,56,63,30,38,31,29,2,52,6,51,29,38,70,69,64,51,59,33,58,32
53,30,40,44,33,72,52,43,48,43,69,32,41,52,25,34,45,36,41,73,57,40,67,40,48,58,37,77
56,71,71,47,78,24,43,62,61,30,43,51,73,29,66,38,77,34,74,51,42,31,77,46,57,53,47,53
80,86,38,50,53,44,24,41,18,67,57,44,45,49,37,39,42,38,34,61,62,69,65,19,40,47,42,23
59,59,37,34,62,61,68,42,49,56,53,49,61,29,40,21,54,46,46,51,63,34,70,32,74,64,35,30
56,47,53,79,52,49,40,13,61,78,61,47,48,60,29,57,62,45,34,43,17,65,26,31,53,53,45,28
42,57,47,65,24,57,53,47,45,52,30,65,51,33,22,67,38,66,44,79,16,56,45,20,44,68,26,44
54,47,60,52,81,85,60,31,36,41,43,50,49,37,61,49,71,49,44,49,35,61,65,60,27,60,55,16
51,29,46,51,42,36,58,46,65,42,65,53,62,41,29,25,39,37,81,30,55,28,53,43,44,79,39,39
57,47,67,61,52,38,81,59,37,57,72,60,35,64,47,62,50,64,29,62,56,55,36,64,49,88,55,24
43,43,61,49,39,43,48,21,43,19,52,59,58,55,51,51,74,50,56,48,42,35,57,66,62,58,64,33
38,56,48,39,12,50,43,63,45,86,45,34,54,51,84,57,49,50,70,63,61,62,53,48,22,28,49,88
57,54,12,65,56,41,42,44,80,54,44,43,26,46,53,71,62,56,42,57,69,59,46,47,34,61,75,43
39,52,37,55,48,68,63,75,49,32,28,59,45,42,44,39,41,45,51,59,69,34,72,58,68,33,64,46
40,65,73,37,62,47,22,58,64,29,51,23,31,62,36,49,53,29,27,48,43,56,43,30,43,56,45,51
45,76,55,72,53,36,58,52,42,61,35,31,36,46,47,54,36,33,25,61,34,61,37,56,47,42,62,77
58,47,60,52,31,55,51,57,36,59,47,54,62,42,38,19,40,66,54,70,41,56,36,48,30,38,60,53
39,74,40,41,39,45,49,50,52,56,52,43,26,38,67,66,47,68,32,49,57,53,61,55,32,61,50,30
77,37,48,39,64,68,56,45,64,48,93,32,75,41,63,54,47,67,44,41,56,48,26,73,49,49,64,42
27,46,52,64,61,56,40,47,63,65,13,65,39,58,65,45,30,50,46,50,64,65,67,69,4,47,52,48
76,83,26,50,53,60,48,40,78,46,34,37,43,53,78,31,26,77,47,49,45,36,44,43,54,49,38,67
47,40,33,59,46,60,65,24,36,49,56,56,43,64,65,39,55,56,62,37,19,41,41,62,39,50,75,56
46,65,38,26,58,46,50,35,32,36,39,6,51,46,46,53,59,41,57,66,58,56,61,33,21,42,43,44
24,54,50,47,28,48,60,72,49,50,16,37,63,49,69,59,23,49,40,49,49,52,44,58,27,38,52,74
42,83,52,42,58,40,71,24,65,60,60,59,30,8,24,99,63,67,33,51,46,76,46,19,32,73,58,53
52,29,51,33,65,11,49,47,72,45,32,44,61,44,73,11,80,51,33,53,64,83,32,41,48,55,68,47
38,27,50,45,52,63,43,29,65,67,58,60,66,67,22,53,46,40,68,22,36,37,65,60,53,50,26,34
55,62,34,63,69,43,54,41,52,47,55,47,46,52,51,65,60,48,42,42,44,52,44,57,77,42,73,60
57,43,50,36,41,47,53,64,35,43,51,64,64,52,52,59,46,57,57,45,52,67,49,10,34,66,22,75
82,50,41,54,29,31,39,42,63,40,35,44,27,29,59,58,27,53,35,44,43,42,50,66,44,45,54,78
64,44,42,62,53,47,43,72,38,45,71,66,71,64,75,63,40,28,57,42,50,42,33,45,67,17,31,55
35,46,60,56,45,60,59,44,43,38,27,28,34,51,37,57,57,55,67,46,30,20,56,39,50,25,47,31
69,52,47,41,70,78,52,27,46,76,68,33,18,41,49,68,73,73,59,24,41,35,38,34,42,60,41,47
67,50,68,44,46,49,37,42,49,65,62,80,39,33,54,33,52,44,29,70,29,28,54,40,71,76,40,64
59,22,42,57,65,41,55,30,37,54,38,82,52,58,40,45,40,58,35,46,59,68,56,48,57,59,63,44
58,39,61,58,44,62,45,45,33,73,65,60,32,63,45,69,58,53,28,35,60,35,41,55,48,58,21,43
47,54,58,42,58,48,46,69,51,60,58,38,51,47,47,46,30,65,50,59,14,30,34,53,52,35,26,42
31,72,36,55,24,45,60,65,57,62,63,22,56,39,53,71,45,64,29,62,67,29,69,28,41,61,52,38
46,76,70,81,70,63,60,54,69,88,41,63,41,57,32,75,23,43,65,42,70,36,53,30,32,39,41,52
77,57,24,9,64,52,70,51,62,66,54,36,54,53,30,30,30,83,33,51,46,46,43,55,19,66,62,62
24,63,23,46,58,33,55,31,45,49,45,95,87,54,63,53,60,50,39,58,61,67,70,46,50,57,47,35
19,69,44,55,70,53,59,43,73,36,36,32,53,31,44,21,65,27,74,53,27,63,49,72,36,44,42,51
63,41,52,62,55,60,72,46,40,36,53,62,43,67,26,55,58,62,67,53,36,40,75,48,31,41,48,21
38,37,53,48,57,62,31,66,73,67,66,61,49,82,77,82,6,44,52,60,46,42,36,34,40,58,44,84
82,78,51,42,64,43,46,73,30,49,49,62,61,39,57,51,29,21,50,46,40,50,34,65,37,81,53,70
34,27,57,34,12,45,33,56,31,49,51,57,25,45,27,46,30,73,36,26,70,35,40,51,42,35,57,42
45,41,42,60,55,70,59,41,76,61,67,70,51,48,46,49,38,75,65,55,42,56,63,58,46,70,46,46
76,58,42,49,68,65,58,51,60,75,41,49,32,46,39,42,42,54,41,57,48,30,61,60,53,52,76,42
26,42,60,46,40,31,60,57,51,46,43,73,60,76,46,35,49,37,35,38,50,37,18,45,65,39,57,65
51,58,40,29,72,59,45,82,53,57,67,55,44,23,59,84,48,54,45,57,46,42,81,61,51,54,49,27
47,47,22,20,54,26,81,48,61,53,68,44,55,68,49,36,60,21,73,69,56,10,43,70,78,39,40,17
63,72,49,47,79,61,55,71,45,75,70,28,69,36,52,53,47,76,29,37,50,58,46,54,42,40,46,36
26,44,51,46,49,56,42,58,70,80,34,50,30,33,60,55,68,36,70,41,63,50,63,29,29,71,89,49
36,49,49,44,82,44,16,61,26,30,30,56,43,41,59,40,30,73,55,52,18,56,42,59,56,71,54,45
37,71,48,44,38,71,57,26,51,36,80,26,44,63,32,48,57,26,50,38,82,57,63,47,34,37,55,40
49,67,58,72,32,43,44,36,48,73,43,50,38,47,25,49,48,55,48,60,62,35,33,48,37,35,64,17
65,42,27,59,50,55,26,26,74,61,43,43,40,82,33,32,58,56,68,30,43,30,61,16,54,36,56,40
75,42,17,57,42,41,55,25,81,58,45,49,42,60,69,52,64,28,67,44,61,35,49,48,70,55,45,64
72,53,65,56,31,50,35,60,52,37,63,41,25,71,66,41,19,39,89,69,41,44,70,68,46,51,51,42
50,31,50,48,35,35,42,84,51,47,28,34,40,66,60,62,45,71,51,68,53,46,44,51,63,63,81,27
72,42,46,62,35,69,33,41,61,20,41,54,47,85,60,64,55,70,66,40,35,43,55,58,37,41,46,55
49,52,55,40,39,46,25,47,56,50,61,67,62,47,55,63,27,72,58,35,45,63,54,56,71,66,64,54
34,63,46,36,39,56,41,48,73,42,49,26,51,63,25,46,53,56,45,34,51,43,65,55,55,35,63,79
66,37,88,48,64,41,54,71,37,52,41,43,57,75,62,55,82,80,53,41,44,36,62,69,31,30,44,78
20,68,43,51,64,48,41,72,55,31,54,80,59,45,51,61,43,43,48,38,39,48,49,33,70,19,43,53
43,54,43,34,66,55,63,52,74,42,39,59,68,37,62,55,1,51,38,53,48,23,62,71,35,37,48,43
33,63,36,31,32,35,32,55,25,59,48,41,38,50,62,60,60,62,34,67,47,38,31,36,38,51,44,56
69,78,59,38,67,40,51,29,38,20,67,44,53,58,69,29,67,99,67,70,77,39,51,59,53,51,57,52
46,49,73,50,48,37,43,28,44,33,50,51,48,36,58,55,13,44,49,40,35,44,27,61,43,51,55,74
58,56,55,41,55,67,55,74,58,62,37,57,27,35,29,15,38,41,55,92,46,30,68,35,55,41,42,82
23,28,41,44,48,64,54,44,71,52,61,50,53,61,57,53,62,40,59,64,48,56,48,27,49,66,73,49
66,47,63,52,37,49,42,39,41,45,52,69,62,45,66,35,16,90,31,42,35,48,27,56,50,44,49,60
45,48,63,57,35,82,27,58,37,44,33,53,32,74,45,60,76,22,77,50,35,58,32,57,35,54,55,64
49,53,57,55,53,37,58,57,40,23,58,42,68,45,36,43,38,40,83,18,44,66,42,65,75,42,46,23
56,49,51,32,24,82,19,38,79,53,56,43,52,57,49,69,46,69,57,54,26,62,63,74,28,91,48,58
39,59,44,63,67,39,33,50,69,61,59,64,82,53,49,51,59,47,66,48,50,63,32,29,51,14,67,51
50,53,61,53,45,30,38,64,19,41,66,55,34,50,48,65,55,41,48,41,85,53,21,95,22,44,68,27
60,46,40,77,57,53,48,50,46,56,35,48,52,26,37,19,31,30,71,22,62,78,71,47,61,43,82,48
45,33,62,54,52,50,53,60,65,58,58,45,50,68,67,38,45,68,56,32,55,69,41,51,70,32,71,51
42,81,51,59,40,41,51,55,28,51,73,49,49,45,44,60,66,52,48,29,52,30,51,45,61,45,58,49
32,12,36,60,64,42,35,69,49,63,46,46,53,51,49,58,44,33,38,49,34,25,32,46,41,46,63,58
36,52,47,72,39,60,44,58,83,46,41,39,62,72,48,15,57,72,53,46,46,18,41,48,35,55,38,48
29,59,56,67,32,39,56,37,66,86,40,36,65,40,69,34,52,79,41,55,38,86,52,77,48,54,68,15
51,58,54,31,88,27,32,49,47,48,33,63,46,31,51,44,40,53,80,45,38,32,47,42,55,75,52,58
46,60,53,42,64,31,64,66,32,46,52,63,51,50,71,29,53,54,58,36,53,83,66,46,46,65,10,93
46,62,30,61,63,42,31,54,59,9,45,45,43,50,52,57,59,50,40,42,66,59,65,67,45,58,29,60
43,5,53,28,57,56,43,59,60,49,45,48,47,64,53,53,49,41,71,74,79,59,58,21,64,64,46,45
37,47,48,66,47,41,56,32,39,77,63,28,63,55,76,74,59,74,34,39,35,44,37,51,67,58,50,47
29,29,37,41,45,48,53,51,55,39,55,60,65,40,51,43,41,93,56,42,68,35,55,72,65,22,45,70
66,68,27,54,58,31,46,40,46,56,58,44,44,51,78,59,56,66,73,59,80,49,65,29,50,45,55,57
54,71,47,22,50,41,54,18,51,80,53,51,32,55,50,51,73,35,80,47,42,52,36,65,58,68,70,57
41,25,59,77,37,60,50,25,23,33,58,59,38,40,49,50,66,25,60,51,32,50,35,56,46,61,44,39
48,41,45,59,32,50,54,53,34,29,9,38,41,48,44,61,70,28,51,56,62,54,55,62,44,38,52,63
35,58,37,43,52,25,81,39,32,38,63,80,60,50,70,51,88,37,45,56,59,48,9,46,56,40,59,38
60,53,51,50,45,46,41,37,57,41,64,69,61,41,51,57,28,75,39,39,62,59,44,48,36,35,27,69
42,20,68,12,64,61,45,57,33,35,59,52,55,79,59,38,54,45,72,26,34,55,49,30,74,47,39,24
34,27,52,54,50,70,57,68,56,52,49,46,39,51,39,38,48,22,56,48,38,36,26,7,64,60,40,67
46,67,59,68,59,79,28,30,56,49,22,60,68,35,39,46,54,53,36,61,41,80,67,50,37,45,51,57
47,52,43,16,7,45,34,75,34,49,34,46,63,47,42,74,40,31,42,36,59,62,25,67,49,40,51,39
34,64,57,47,56,30,47,62,34,17,80,42,42,23,48,61,27,56,53,62,50,54,72,82,40,47,70,76
57,44,21,53,43,38,59,45,60,63,36,60,42,70,49,37,18,54,35,55,39,65,47,69,53,33,48,61
54,63,64,59,36,78,62,46,17,71,45,29,44,50,39,73,52,42,50,37,35,67,28,34,51,54,53,54
58,46,52,37,22,63,52,49,27,27,59,51,63,34,50,26,55,46,39,63,41,53,38,43,58,39,44,43
44,44,44,38,66,34,62,21,50,30,61,34,55,65,54,52,51,40,62,53,28,45,62,60,37,35,48,54
47,69,44,52,43,32,39,56,24,56,34,79,35,55,51,18,67,62,60,40,50,64,37,21,49,83,65,42
73,39,45,45,76,52,49,31,56,72,49,48,42,78,36,32,49,43,40,69,44,78,48,13,62,25,42,46
70,61,30,38,30,64,50,55,60,37,20,55,37,41,74,58,39,48,54,56,65,56,49,57,46,39,76,69
26,27,55,59,49,43,60,14,45,55,86,55,62,62,53,55,42,50,56,28,51,55,50,43,38,51,43,51
46,23,57,69,49,70,57,43,39,36,59,54,36,62,58,58,27,54,25,25,76,39,45,58,46,54,56,52
41,49,48,51,26,77,45,52,28,46,27,51,70,26,35,40,64,37,53,34,36,61,65,72,73,64,79,62
65,54,72,47,11,28,16,67,29,64,32,33,39,60,52,47,74,53,61,61,53,66,46,51,76,76,60,28
44,52,45,17,35,50,55,55,52,53,48,56,45,46,29,40,56,30,13,54,25,32,31,22,55,36,46,55
39,36,37,54,58,56,61,37,45,37,77,32,50,56,29,47,68,39,55,68,37,68,61,38,47,65,65,55
27,34,47,51,66,66,51,64,59,79,53,23,65,41,73,48,32,61,43,50,48,26,79,52,40,54,65,35
32,38,43,77,48,45,53,49,45,47,62,53,58,90,49,44,61,43,65,55,71,52,88,51,19,65,73,80
13,54,64,49,13,66,70,49,29,51,59,41,53,62,43,58,32,59,45,73,51,47,51,39,54,62,64,56
28,52,48,46,52,41,22,49,72,72,44,56,50,36,40,53,65,30,55,66,15,17,60,16,61,19,46,53
30,58,33,25,61,48,43,43,53,40,53,53,53,57,51,70,40,58,49,35,59,36,55,31,39,61,38,51
55,32,67,55,49,50,50,57,70,60,26,35,57,38,53,43,45,65,40,76,62,25,54,31,48,31,25,48
41,20,45,35,41,49,59,26,61,53,60,24,50,71,58,69,64,39,47,47,52,58,65,75,22,77,55,55
60,40,37,70,44,27,46,42,40,37,30,16,28,28,61,72,45,38,76,53,55,39,57,49,57,33,36,32
34,26,56,43,20,60,77,50,66,22,71,64,37,58,44,72,42,63,48,33,43,41,37,46,43,31,74,54
44,74,56,15,33,68,74,40,51,30,20,46,39,75,47,58,66,68,27,63,37,36,35,45,42,65,31,52
33,49,35,73,72,59,33,45,46,47,16,55,53,69,49,77,55,33,77,55,49,56,56,97,41,25,60,49
41,42,34,43,34,77,45,47,28,42,59,57,39,46,57,37,33,83,66,39,39,58,50,65,62,20,50,54
76,50,48,53,52,43,43,70,54,52,54,66,54,50,62,57,47,40,42,72,33,91,35,33,36,46,56,46
81,33,70,39,53,83,43,18,51,54,11,41,48,41,48,52,36,72,46,79,50,30,30,39,67,70,45,51
35,64,56,56,59,64,50,40,54,85,34,23,48,61,64,34,46,22,89,13,19,14,12,65,63,64,32,11
36,56,25,66,43,58,53,62,48,50,47,42,50,59,54,10,52,66,58,22,47,54,38,62,65,54,59,16
29,50,47,47,69,64,29,55,61,24,32,40,30,5,53,61,44,39,58,51,27,47,54,58,85,58,58,51
66,65,52,31,70,62,52,76,46,73,65,24,57,48,64,45,72,80,79,58,61,41,59,36,25,93,75,82
48,60,38,49,69,34,53,35,45,70,63,61,67,32,37,31,62,41,51,47,33,45,62,68,45,38,52,50
51,59,50,40,42,70,45,35,66,59,30,38,56,47,42,59,53,49,32,62,30,55,39,26,71,78,42,67
57,49,60,13,19,50,47,49,54,36,45,73,44,15,20,34,52,46,38,42,50,76,70,51,56,54,18,63
53,56,47,47,68,51,41,64,77,59,56,37,27,44,55,44,40,61,72,43,63,39,68,66,59,73,56,58
58,37,69,47,38,30,54,44,81,74,50,30,39,64,26,53,38,35,55,68,63,62,72,42,40,50,67,36
58,70,38,68,29,39,56,71,75,69,62,49,49,66,66,49,58,68,33,74,34,36,42,44,71,19,45,46
66,58,51,64,46,53,44,47,0,41,32,60,47,63,58,44,15,64,48,42,14,41,69,59,32,59,63,49
34,70,60,51,49,39,34,30,24,30,38,37,74,48,48,49,46,61,44,46,50,49,55,18,40,49,33,61
57,79,47,76,65,57,46,36,23,34,51,56,46,34,51,62,56,27,37,44,37,64,22,52,47,55,53,58
51,41,73,54,47,40,43,35,58,58,54,39,44,40,47,39,37,70,32,44,67,39,51,63,35,60,28,31
33,49,59,37,51,22,47,45,48,69,35,48,66,53,41,32,43,44,44,61,55,69,46,60,69,56,38,75
50,36,47,38,49,61,57,50,58,42,26,36,47,32,29,53,28,25,73,51,68,35,61,52,67,59,56,38
60,80,55,24,39,36,56,39,37,69,49,48,35,40,54,59,60,59,42,48,51,59,53,59,44,35,86,69
34,46,62,39,41,37,70,43,68,36,31,31,67,56,32,45,29,30,65,60,34,43,42,40,27,45,37,44
43,55,54,30,56,31,22,52,32,38,51,52,50,66,59,53,52,53,31,66,43,57,50,68,28,54,69,33
60,13,69,61,50,61,46,43,33,24,41,50,41,36,51,63,34,76,30,49,38,68,37,45,41,45,42,56
44,43,28,43,36,36,66,57,46,61,42,40,42,52,47,62,65,38,43,51,40,57,67,55,72,60,28,34
60,42,57,52,58,59,25,44,78,32,49,25,22,53,57,49,71,48,23,43,54,70,73,29,40,45,39,40
33,55,58,30,21,58,51,50,48,31,66,43,42,60,45,51,57,73,59,40,68,49,10,41,38,32,42,60
32,45,46,47,72,23,32,41,18,64,57,63,48,55,21,29,63,57,62,69,64,74,20,47,50,54,88,50
49,37,42,42,44,53,57,47,49,32,53,58,37,52,44,39,49,69,48,23,62,46,54,42,48,30,74,28
65,28,22,58,46,40,64,54,68,53,56,58,68,39,56,65,7,39,58,57,73,8,58,55,47,26,55,51
64,78,65,52,68,45,38,56,49,61,45,42,48,34,34,57,59,53,66,36,57,33,36,48,59,36,43,33
55,24,69,73,32,26,56,46,76,42,52,65,30,45,48,25,47,45,47,40,31,77,40,41,60,55,55,55
63,61,56,72,74,48,38,78,58,51,46,64,53,56,68,40,1,67,46,65,54,44,71,27,36,40,31,68
41,61,39,50,37,61,45,59,65,24,58,37,20,41,50,43,44,24,55,52,53,53,62,48,27,76,46,31
24,25,68,37,33,33,34,79,45,17,33,79,35,36,43,62,46,27,59,29,57,44,43,61,43,53,41,64
77,73,56,28,41,63,49,61,31,40,62,47,31,13,60,47,53,28,57,25,29,77,42,51,48,63,48,34
55,52,58,32,48,53,65,35,60,79,41,34,17,27,66,17,32,34,45,69,48,58,50,49,56,58,44,40
34,42,57,56,46,48,39,43,76,58,46,37,56,35,50,33,67,40,35,43,50,69,54,65,72,50,38,40
33,62,46,55,45,51,46,50,49,73,45,38,69,43,38,54,57,80,56,58,48,49,47,40,52,74,70,55
64,52,62,64,41,70,47,17,68,65,57,66,64,74,68,37,63,29,54,56,30,70,11,32,63,29,53,40
44,73,41,53,41,65,44,66,24,58,41,61,32,37,59,89,49,20,54,78,45,38,60,65,60,63,37,51
61,75,69,67,32,71,44,40,35,29,59,20,33,24,45,52,42,83,53,30,13,70,41,20,52,41,48,43
70,32,48,74,65,61,77,37,59,42,66,69,33,35,39,34,74,44,48,48,25,66,54,29,29,69,7,42
46,68,46,45,49,59,43,56,63,34,50,45,62,30,35,28,36,72,43,55,33,32,62,47,42,52,57,48
55,62,39,47,52,62,52,42,48,45,41,59,66,59,42,37,42,34,50,64,51,51,65,52,54,32,53,58
38,34,56,74,46,53,82,38,55,64,63,59,65,61,17,43,55,25,70,64,53,66,24,46,65,64,63,81
51,47,56,68,44,51,61,49,50,33,48,43,31,23,40,56,62,30,62,49,29,30,54,62,45,55,53,46
75,59,57,50,57,40,68,77,59,43,56,28,57,58,24,59,44,56,24,79,39,57,55,26,48,57,46,63
36,47,65,63,66,71,74,52,35,51,53,47,90,56,43,45,69,49,65,48,66,47,26,41,36,61,56,54
52,54,50,80,55,39,48,48,51,53,65,39,42,61,67,47,68,58,23,64,57,51,26,42,55,69,61,54
49,40,48,43,31,34,43,9,77,28,68,15,83,69,85,54,50,38,51,41,60,73,64,17,61,53,34,62
70,56,33,55,53,60,53,65,51,34,60,76,2,76,54,59,46,22,55,51,46,64,13,48,27,24,53,54
55,66,43,45,39,50,63,47,31,42,50,52,37,50,60,51,45,69,53,43,44,54,57,80,28,65,67,65
30,54,56,29,51,66,23,40,49,45,62,49,31,32,49,55,28,69,61,58,58,64,27,36,41,47,63,62
89,15,45,55,58,63,42,42,47,58,57,46,23,40,62,38,43,43,54,14,50,61,30,40,50,51,78,14
45,34,75,35,70,80,69,43,30,50,73,49,30,32,61,48,34,57,55,57,54,88,64,49,68,59,51,42
43,43,55,42,51,63,44,29,56,47,54,13,43,76,56,60,57,38,38,43,46,70,41,54,41,19,30,50
39,65,23,52,52,58,70,81,74,57,40,69,43,59,69,55,73,65,58,59,48,44,63,41,64,104,46,22
60,74,74,41,67,39,57,41,70,54,29,29,39,61,43,71,42,40,43,42,34,48,46,45,53,38,62,70
63,25,47,37,42,72,28,40,58,52,35,56,48,54,53,45,38,69,46,38,53,31,55,49,49,60,54,60
44,62,47,56,30,69,66,71,65,68,46,64,57,45,66,63,22,46,28,59,52,55,43,36,40,54,58,52
67,64,43,61,54,46,75,59,57,74,41,33,63,50,61,43,74,49,62,46,87,29,57,37,56,40,60,40
39,62,56,59,58,61,36,41,49,53,46,63,14,77,42,52,59,57,71,50,57,24,47,70,42,43,66,57
40,6,68,32,48,50,53,39,76,55,69,37,54,36,64,34,54,51,51,62,57,54,42,43,47,72,81,33
89,67,43,54,37,58,44,54,42,19,15,44,38,41,28,42,75,61,61,18,67,29,64,29,4,33,67,26
57,49,47,37,44,61,58,31,53,10,7,32,47,54,44,63,53,19,48,49,48,39,56,65,32,30,58,53
52,59,47,43,35,75,22,59,51,50,52,49,64,46,52,27,53,15,34,51,39,42,74,43,42,64,51,13
59,63,86,49,32,68,65,51,44,21,40,38,34,41,80,44,54,62,63,39,46,72,46,57,49,32,22,44
60,71,39,46,92,15,29,61,69,51,53,59,29,44,58,38,69,37,37,28,24,50,60,53,46,29,40,39
31,77,35,60,47,8,55,37,53,46,19,46,37,41,63,64,46,59,45,54,46,38,55,23,27,37,50,41
59,53,59,35,36,33,55,83,54,40,61,38,43,38,45,45,29,41,80,42,37,49,44,37,96,31,58,42
23,55,38,71,64,37,32,64,59,56,30,44,70,27,67,61,20,70,42,63,50,28,47,70,47,47,35,62
40,45,61,70,90,37,45,65,54,40,43,42,65,40,52,33,43,66,24,28,14,33,46,71,74,60,55,60
42,50,55,29,61,57,39,55,58,63,61,51,73,34,35,47,69,47,70,57,65,45,33,64,75,49,50,38
30,48,60,48,43,36,77,68,48,47,30,34,51,64,45,24,54,77,38,40,54,47,47,44,55,48,42,44
29,37,63,33,41,58,63,41,46,73,70,48,40,31,43,61,21,44,48,71,52,103,41,50,62,57,29,40
38,82,65,31,37,56,41,70,37,39,47,52,38,65,41,51,58,33,39,37,48,30,64,31,58,40,51,57
55,74,71,58,79,50,55,70,74,35,41,49,66,52,38,27,66,43,20,43,43,67,14,47,59,51,41,44
40,44,40,72,62,51,54,44,39,56,57,43,33,52,52,51,67,26,36,66,40,52,57,52,62,42,65,27
56,41,63,73,48,52,45,49,46,44,44,62,41,45,52,38,55,67,49,57,49,96,24,82,39,38,44,51
51,47,46,41,41,46,75,38,47,32,25,69,65,12,42,59,29,75,61,51,84,44,43,42,33,38,57,41
56,27,54,66,53,39,52,23,35,60,81,43,52,63,48,29,76,54,19,48,47,53,81,53,51,62,51,50
44,82,68,33,72,52,40,24,58,26,18,59,63,38,49,37,49,48,49,64,40,53,38,35,48,47,40,64
57,31,61,25,72,57,67,55,-7,44,62,46,24,40,49,32,35,53,44,54,46,51,40,19,18,57,41,57
40,51,80,40,54,28,64,64,64,46,49,47,55,61,41,79,46,50,53,46,64,40,47,41,54,76,40,24
47,74,60,61,55,56,77,30,65,49,35,32,69,38,29,19,58,60,64,47,49,61,36,54,63,69,63,76
37,35,61,79,64,50,56,62,52,71,36,52,41,39,50,45,23,40,46,73,37,68,63,46,63,34,66,16
61,58,38,22,53,71,55,55,37,62,47,29,53,23,34,62,54,35,54,35,24,66,42,72,60,77,52,69
34,34,41,34,30,47,76,41,60,41,62,67,46,48,41,44,68,52,54,58,56,30,38,46,39,82,44,34
12,18,42,66,29,23,30,76,66,37,56,57,68,21,50,37,54,43,59,34,60,52,40,57,38,62,36,68
59,54,55,48,58,26,43,49,75,47,50,48,48,36,46,47,43,73,69,45,70,58,28,70,60,49,41,36
49,26,61,55,37,36,37,62,15,66,18,42,45,46,69,28,46,47,62,60,45,54,39,60,63,80,36,36
49,42,46,46,79,28,73,87,39,65,57,47,40,53,76,43,66,37,49,34,69,68,57,47,68,60,32,88
50,47,59,90,45,66,72,53,38,42,65,70,43,45,40,48,34,44,69,52,39,64,53,31,57,37,83,33
49,56,47,23,42,63,62,54,43,25,30,70,66,32,54,26,45,51,45,76,25,61,40,41,53,61,26,56
59,36,48,47,39,64,35,52,40,66,13,52,34,33,71,67,47,44,29,49,44,25,76,48,65,17,68,27
34,49,62,47,47,46,58,29,44,20,33,50,34,50,48,79,80,42,35,38,30,41,31,47,39,36,51,81
50,55,35,80,44,26,65,58,71,71,54,41,34,42,46,55,45,40,51,37,52,39,68,15,44,55,60,58
29,62,24,34,69,49,31,46,49,49,62,23,46,53,29,52,30,50,52,12,40,52,75,40,45,52,49,62
55,38,65,47,46,47,44,66,75,34,89,27,50,46,69,39,63,53,19,35,40,63,56,50,57,40,39,62
77,36,26,61,70,19,10,43,73,50,60,57,44,62,49,58,39,58,21,53,45,34,65,79,67,58,48,54
46,36,40,60,53,60,49,29,49,43,51,58,51,28,38,40,68,31,22,64,36,34,77,68,32,49,51,46
36,61,52,43,63,83,46,28,46,37,50,48,44,57,58,47,79,43,57,33,49,40,34,64,58,46,34,66
64,43,66,32,58,56,71,60,51,56,53,35,32,67,44,42,42,34,40,74,52,31,45,53,67,25,65,64
66,103,34,48,59,61,71,50,49,88,50,54,69,28,66,78,38,32,44,41,51,68,27,46,45,45,43,46
51,38,60,40,27,45,48,64,56,46,59,52,41,74,63,51,67,72,57,73,50,55,35,54,37,68,62,54
30,31,61,39,47,31,40,63,55,50,67,48,61,63,65,25,17,41,39,46,18,73,46,23,64,62,23,48
63,49,90,38,44,50,61,61,44,58,69,73,62,60,75,58,72,35,38,59,66,62,42,53,37,44,44,30
66,36,64,56,51,45,50,62,47,43,67,62,27,67,54,58,58,34,38,32,21,54,35,46,52,54,22,50
45,50,38,25,37,56,47,33,38,42,70,58,34,73,49,42,24,47,52,47,52,24,61,58,47,31,34,58
56,52,46,59,36,6,56,66,43,51,60,57,36,65,40,65,66,83,44,24,52,56,46,44,39,49,84,48
22,44,71,50,59,53,20,38,46,13,57,29,58,72,41,50,25,55,49,50,36,72,63,38,67,42,29,30
67,9,34,47,31,47,56,71,33,46,43,45,22,51,71,57,52,53,70,52,38,78,63,51,51,62,24,58
24,58,53,41,66,57,44,39,54,69,56,75,72,39,31,44,67,41,53,31,29,37,28,64,54,40,62,43
48,45,34,30,70,44,81,48,43,53,15,34,59,54,35,36,90,85,54,52,41,67,29,22,31,42,43,41
29,60,32,28,65,53,57,53,72,52,37,16,59,74,81,60,49,39,68,58,45,60,40,81,76,48,69,57
24,41,80,62,69,32,61,48,29,48,51,57,51,45,33,70,51,37,16,55,14,68,55,18,69,17,58,63
62,63,57,64,49,47,61,46,54,53,75,74,47,38,66,40,69,31,71,31,54,54,37,39,59,47,61,48
0,40,32,48,37,59,58,45,45,54,49,44,54,76,39,48,57,39,62,34,49,63,29,18,50,63,54,56
33,50,54,37,60,28,42,52,53,63,32,25,39,27,27,41,67,45,64,64,49,52,27,52,43,30,43,47
64,34,22,51,37,30,41,46,72,54,37,72,62,38,39,42,47,43,39,45,60,77,60,47,44,58,37,55
76,46,48,49,65,67,65,54,25,50,31,30,39,29,43,43,49,68,31,37,70,58,24,56,58,38,48,31
68,45,38,57,47,64,28,35,38,34,57,57,71,19,41,34,49,49,60,94,36,41,54,53,58,35,30,62
63,35,49,35,44,49,54,51,25,37,51,60,51,27,44,50,59,42,33,29,41,27,36,69,46,58,37,69
42,68,78,31,12,63,35,67,28,33,35,45,59,34,58,64,60,61,43,64,58,41,44,36,61,48,59,59
42,62,27,45,53,27,30,55,54,42,42,51,51,50,38,72,36,35,21,47,61,61,74,36,65,8,73,85
25,73,60,38,44,17,51,56,39,59,44,56,59,56,38,48,16,60,3,54,44,64,49,42,80,59,29,63
63,70,59,54,48,38,38,22,39,75,35,43,41,58,54,52,66,50,52,44,26,69,50,62,50,41,41,30
35,64,35,60,63,26,46,68,34,76,72,41,43,59,50,63,22,51,66,36,69,38,67,32,54,34,73,36
36,39,65,53,67,59,34,43,36,67,83,16,60,51,63,40,38,24,49,41,37,51,44,49,37,74,10,62
75,32,66,38,58,70,59,48,48,45,71,45,62,47,63,37,71,66,35,42,38,40,40,45,85,42,68,61
26,50,51,74,38,78,38,32,27,19,44,37,52,53,21,65,49,25,49,37,46,52,65,26,36,37,53,64
54,74,69,42,69,53,35,21,57,23,30,54,59,40,54,38,55,23,35,60,32,51,76,45,68,42,14,75
61,35,51,43,57,36,47,58,94,68,53,60,34,56,22,61,39,44,66,62,69,42,57,56,44,53,47,49
63,71,30,61,48,47,21,37,54,50,66,41,76,49,43,28,86,69,63,35,70,68,39,21,42,56,45,28
56,28,52,73,62,24,60,45,57,65,30,39,51,13,49,69,54,83,18,52,56,44,53,21,57,53,28,45
38,58,39,34,48,58,55,68,18,26,19,49,48,45,54,46,58,49,65,46,33,61,78,50,56,45,54,38
60,57,45,54,60,51,46,18,65,61,15,48,38,33,45,41,21,65,58,31,30,45,63,40,47,41,50,17
51,53,54,44,41,48,70,42,44,60,34,51,58,32,51,45,34,21,30,39,45,35,62,38,46,19,58,63
59,39,34,75,44,65,56,59,42,62,55,51,25,41,55,29,45,73,42,72,35,55,61,55,25,49,48,50
58,51,63,60,47,23,74,77,52,60,49,35,46,46,41,62,58,31,50,56,59,45,74,46,40,48,34,44
79,29,61,63,47,47,52,41,68,60,48,50,48,39,49,72,34,52,57,67,75,72,44,35,63,54,43,47
55,60,43,68,32,57,51,65,50,33,22,32,51,-8,30,18,39,40,55,64,53,66,40,66,39,47,59,59
46,61,48,59,60,42,73,32,49,56,36,60,38,52,68,64,61,42,32,58,74,58,45,42,51,73,51,57
44,34,46,59,59,65,48,30,17,54,27,44,63,66,62,64,36,50,44,68,48,55,56,26,40,50,48,37
21,63,42,38,19,16,51,35,35,38,58,35,59,37,62,70,34,72,59,31,9,40,63,77,45,39,54,61
38,21,35,43,21,49,57,54,49,66,70,36,62,53,46,55,32,67,22,63,69,26,80,19,61,23,75,33
28,57,67,60,46,59,64,54,83,40,73,66,43,39,42,64,57,69,58,67,48,43,52,60,48,34,28,29
42,43,39,42,34,20,44,66,11,41,44,65,54,42,61,30,36,58,39,41,73,38,55,32,61,47,53,61
47,59,39,56,18,39,52,27,61,62,50,65,64,46,83,66,45,56,55,51,53,78,46,48,36,57,57,50
22,62,53,51,46,67,56,22,66,61,41,44,56,63,40,59,39,38,41,17,60,38,49,69,56,52,38,57
36,78,79,63,52,51,54,69,63,26,72,47,63,28,51,54,36,43,23,63,62,34,68,48,53,37,46,72
36,62,27,77,49,31,35,59,43,37,56,72,64,63,45,74,43,30,37,30,69,55,54,63,72,69,60,59
46,28,59,49,40,52,42,37,56,58,36,44,50,59,30,45,64,52,45,26,72,47,53,74,50,51,63,30
58,34,67,87,42,32,35,46,37,57,34,49,59,57,48,45,34,50,55,69,79,54,27,28,70,54,39,51
63,32,60,19,42,65,49,69,52,24,57,56,69,64,56,57,36,38,46,66,32,52,49,56,70,57,22,40
53,28,51,39,28,69,69,81,45,14,33,48,68,60,53,88,41,33,44,72,43,70,63,60,38,67,67,68
65,54,65,36,49,58,29,44,40,26,75,65,54,62,46,44,40,74,64,43,56,58,67,56,61,74,55,64
54,61,27,30,65,61,53,44,42,13,43,66,44,66,37,24,19,43,53,29,45,40,42,68,60,38,43,37
57,36,55,52,41,34,53,43,42,54,74,57,54,83,54,61,31,33,74,48,44,50,73,58,55,45,63,47
23,57,49,56,51,42,34,32,34,56,28,31,54,60,60,55,69,71,51,48,57,39,57,46,69,41,52,63
68,52,49,53,45,42,56,38,39,51,59,24,55,43,47,47,54,65,31,51,60,71,46,38,45,40,101,43
38,44,50,44,32,33,32,48,39,59,25,31,41,43,43,65,62,60,48,4,45,52,42,60,77,53,50,38
23,46,27,32,73,43,67,27,96,41,57,31,28,33,49,52,52,67,69,35,58,59,35,56,41,73,43,54
29,52,30,51,48,57,56,40,62,62,46,66,54,47,35,45,34,40,56,42,51,44,43,62,62,48,64,51
46,49,67,60,16,57,41,53,46,61,45,48,23,48,30,49,43,48,37,64,88,63,32,61,59,74,64,37
35,73,23,41,49,51,57,36,49,46,63,55,60,25,77,59,13,46,39,71,56,58,39,46,73,49,63,67
19,57,50,55,41,52,37,38,61,61,28,36,51,44,75,36,38,32,51,39,41,34,29,40,59,48,46,17
29,46,25,60,36,40,25,51,63,46,35,45,69,43,75,23,58,46,50,66,69,38,45,59,50,52,44,68
47,33,42,71,57,39,41,35,42,55,42,37,65,47,58,54,56,44,68,44,57,62,45,48,21,69,48,47
58,64,55,50,45,67,30,58,54,33,37,35,46,31,35,54,62,69,62,31,38,26,58,55,47,88,36,38
55,43,45,50,65,34,42,55,52,59,53,33,62,43,52,49,45,29,35,62,51,37,58,54,25,33,52,71
60,41,70,48,37,64,49,17,51,40,56,36,57,41,49,48,28,72,45,50,44,37,55,64,72,33,98,58
24,68,55,13,74,42,36,55,38,55,76,80,51,19,68,86,38,50,57,61,55,40,67,86,51,22,51,57
63,53,90,72,58,70,39,37,68,49,47,64,37,49,55,26,64,14,40,63,39,64,19,76,66,34,49,49
57,67,63,68,68,60,61,52,62,58,44,54,56,79,26,3,47,36,51,21,44,54,51,53,35,59,-4,33
63,34,62,40,29,38,70,49,35,45,44,32,32,24,38,75,49,40,39,76,41,48,64,59,53,6,35,42
56,63,30,64,55,68,44,59,32,64,64,37,68,47,31,37,45,59,74,51,63,67,32,54,44,52,56,58
56,67,55,44,52,74,32,78,41,50,62,70,42,43,36,69,42,84,58,59,56,42,50,20,64,37,51,51
46,74,50,25,88,65,52,35,62,46,18,30,67,39,53,66,74,71,61,51,54,23,43,60,55,46,35,35
24,22,43,35,61,50,58,40,39,41,75,49,49,42,72,46,50,42,40,53,60,68,52,57,44,57,51,37
64,56,44,30,40,56,45,66,58,38,35,58,39,27,41,23,36,60,46,70,71,55,75,62,54,60,49,22
39,62,57,58,36,34,60,19,34,48,48,44,39,37,58,42,36,66,66,36,49,41,55,59,44,71,63,50
63,45,26,40,50,42,31,35,74,39,34,27,73,43,24,34,36,57,20,53,57,17,76,56,17,58,63,24
30,45,63,52,59,45,53,45,51,39,41,65,62,53,63,50,58,72,53,54,53,56,33,37,55,48,42,87
53,49,31,40,28,41,59,30,44,31,58,28,56,35,61,65,53,52,54,53,56,60,40,91,32,46,54,54
48,71,57,59,52,41,53,60,65,39,38,49,31,39,67,84,46,36,26,55,36,91,52,25,53,72,66,73
50,45,59,73,84,77,25,48,36,55,55,40,67,35,60,38,52,52,54,61,21,47,52,44,48,72,35,61
39,84,49,55,52,33,48,40,44,74,73,45,63,38,54,49,45,24,40,36,30,50,62,33,11,28,41,67
58,32,29,23,33,38,16,25,30,45,56,65,48,44,45,55,37,33,46,48,41,27,60,62,55,35,60,28
49,44,39,56,77,50,55,51,47,43,51,43,45,48,44,39,37,36,34,28,30,31,54,39,62,60,51,73
62,52,28,49,73,43,51,48,39,27,35,64,20,48,66,36,56,58,71,63,40,41,88,43,47,49,62,70
47,77,62,67,32,64,63,31,65,46,29,61,56,49,47,61,52,54,37,40,62,51,45,42,88,70,63,48
54,70,63,46,70,64,47,37,58,36,47,39,51,50,41,40,48,57,51,57,66,17,49,41,52,36,84,46
45,62,73,63,37,45,70,60,38,44,46,30,81,60,38,40,64,44,33,46,86,59,21,65,35,56,35,60
59,45,75,42,54,37,61,39,39,27,43,61,40,63,58,53,41,37,54,51,72,33,43,37,43,60,49,65
63,25,29,54,46,53,62,32,51,40,50,54,41,62,40,42,21,67,48,48,60,30,62,51,52,56,88,50
26,47,37,33,66,54,57,25,43,54,23,46,64,33,75,72,52,38,71,63,33,69,71,24,36,61,28,31
55,61,42,34,41,59,72,29,57,30,63,29,72,72,44,63,39,57,56,39,62,46,48,51,49,37,35,32
46,68,63,32,47,33,55,57,57,67,41,47,47,61,66,63,61,36,57,54,47,55,62,39,57,58,61,64
33,32,35,47,50,54,58,71,32,73,50,58,48,43,37,52,61,62,28,66,55,58,71,49,58,46,31,45
43,49,41,32,44,38,58,40,41,24,35,20,15,39,45,84,38,37,40,56,72,68,30,53,42,31,49,63
78,44,35,63,59,59,52,56,74,24,66,51,48,30,69,40,62,43,81,44,35,5,24,30,60,45,53,42
43,50,59,54,16,65,50,27,78,48,49,62,80,62,75,44,52,51,75,42,38,49,60,52,42,60,64,42
46,38,31,85,41,47,66,36,61,49,52,41,18,41,46,47,74,39,34,50,49,46,59,24,75,65,36,39
55,41,35,38,44,28,72,32,42,57,64,36,45,32,34,58,36,56,58,51,39,40,62,36,56,30,55,47
51,42,42,33,59,50,59,57,87,52,49,47,79,54,54,72,39,57,78,55,52,73,33,63,28,49,45,53
47,39,41,54,59,55,55,43,42,70,36,42,48,47,17,49,44,41,68,39,53,21,30,37,50,42,34,49
55,23,55,37,48,52,52,45,58,72,72,36,24,29,34,47,48,67,14,25,52,81,93,68,48,55,52,42
27,62,67,39,72,44,63,67,64,56,65,39,38,67,33,48,37,33,53,31,36,56,65,39,41,41,61,41
43,70,46,51,68,47,35,45,55,75,54,43,59,43,33,64,40,86,29,82,35,72,20,27,48,56,54,46
58,77,34,17,53,76,24,51,42,26,35,35,54,77,42,73,32,18,80,69,20,51,56,35,69,19,60,36
50,44,39,52,43,45,46,38,37,46,65,12,42,36,58,40,67,38,55,39,53,47,50,56,18,58,43,53
63,82,70,52,50,55,25,44,65,55,52,46,63,50,76,49,69,53,32,32,22,46,48,62,42,41,32,33
44,64,48,47,52,68,51,33,54,57,69,39,61,47,35,70,27,69,38,51,40,50,31,60,70,74,67,41
34,36,27,36,64,57,56,60,51,53,39,38,39,60,51,43,38,39,40,62,39,42,61,70,69,55,44,44
32,43,59,70,42,49,92,40,66,40,50,34,35,64,62,53,59,38,56,63,36,24,55,69,36,33,58,44
75,57,11,66,34,51,68,54,74,49,53,73,64,57,77,30,76,39,48,29,59,53,60,46,47,45,20,56
41,49,61,68,52,55,43,33,41,51,47,24,22,72,53,50,26,44,59,74,63,42,64,56,53,74,47,14
71,44,28,43,64,41,40,67,31,34,64,73,68,47,61,68,60,19,63,57,55,40,55,16,55,43,52,34
32,31,51,56,51,37,55,43,54,44,38,46,24,32,62,72,48,41,64,53,56,55,40,51,47,21,59,78
66,25,51,61,45,49,29,27,33,30,32,33,52,42,59,59,62,67,42,59,72,47,44,51,55,66,77,48
63,68,86,48,68,47,37,34,56,58,43,53,35,40,61,59,45,70,39,57,50,41,57,62,71,46,35,20
39,48,64,89,23,66,70,62,54,25,50,79,53,56,49,60,39,51,59,45,64,59,48,31,12,47,46,38
24,17,64,18,55,59,50,59,68,44,68,57,55,74,44,51,31,36,39,59,58,40,58,63,53,70,64,38
34,60,70,54,52,48,51,64,66,47,52,64,46,55,30,51,55,27,38,46,63,56,24,45,69,36,38,51
32,68,10,50,64,50,16,20,52,55,54,61,45,51,94,-5,41,40,74,51,68,50,46,57,19,53,18,49
45,39,37,44,42,54,48,43,38,67,24,44,40,38,40,60,51,49,68,79,53,52,49,64,75,28,60,57
34,39,35,49,33,60,75,58,48,42,65,46,61,35,56,45,67,43,39,32,56,55,45,34,44,55,64,62
40,25,33,38,73,72,36,16,49,43,29,68,55,40,31,52,53,44,30,18,36,67,44,51,54,45,62,50
81,45,73,53,69,69,41,49,27,61,55,47,39,59,36,74,43,33,47,44,65,70,61,46,49,46,62,67
58,35,53,26,42,54,29,40,62,35,56,41,80,14,57,37,60,39,37,71,47,60,36,59,47,46,81,55
50,53,43,50,41,47,58,54,45,62,46,55,65,50,54,55,51,40,28,45,58,62,45,48,23,45,32,54
75,74,31,28,75,40,22,40,78,44,57,67,56,58,41,46,32,65,80,54,57,59,47,70,43,51,53,52
67,43,42,34,46,52,42,62,31,47,37,53,59,65,56,60,45,50,56,68,73,65,63,38,52,46,31,39
49,84,34,48,58,50,48,38,56,66,48,42,44,58,75,48,60,48,43,59,71,55,71,21,49,41,68,45
63,55,66,58,68,85,51,70,42,48,24,64,27,43,52,52,54,57,38,43,67,60,41,66,59,15,30,55
49,62,13,64,62,32,32,50,21,60,50,51,55,60,55,46,62,69,61,59,50,63,50,48,71,48,59,29
33,45,54,39,51,33,20,57,60,35,69,45,83,34,57,40,55,52,46,25,34,58,53,58,50,32,33,37
45,46,33,68,47,43,38,40,32,29,27,56,59,49,35,52,46,55,32,49,24,41,37,53,56,68,58,98
66,49,55,73,50,31,65,38,51,55,8,24,63,61,50,48,45,46,66,58,73,42,55,53,60,52,47,55
45,60,24,48,59,61,46,35,53,30,15,48,39,61,48,31,42,61,63,32,39,66,41,59,51,48,61,37
67,78,55,68,61,40,62,43,54,50,25,82,60,14,52,84,76,61,78,65,82,31,46,25,59,41,57,58
29,45,23,31,34,30,46,43,33,30,51,53,16,47,79,61,34,72,39,47,33,54,57,43,75,48,34,53
45,45,68,46,66,75,60,58,64,74,28,52,42,51,42,71,37,43,70,53,79,24,54,41,67,62,40,45
76,46,53,77,75,69,62,54,58,62,55,50,53,45,37,38,55,75,24,46,45,69,55,47,31,8,34,76
28,47,49,38,26,51,21,39,64,27,15,38,33,39,62,63,41,61,44,35,34,82,44,41,71,38,68,81
64,44,49,60,58,33,58,27,60,37,59,53,48,42,38,33,62,55,53,42,65,53,47,26,48,48,39,47
71,57,34,50,42,45,63,58,47,55,62,61,77,47,64,63,41,61,53,60,32,41,50,60,65,21,68,82
33,34,54,74,40,29,62,41,39,76,65,29,71,46,48,53,55,32,46,61,37,33,39,49,23,56,73,52
70,58,71,33,58,68,49,48,42,26,44,66,47,53,42,33,30,30,73,83,70,50,34,65,63,36,38,13
33,42,49,46,39,73,68,10,46,56,62,52,27,42,38,41,62,84,11,51,50,55,44,56,35,27,84,33
44,60,65,44,61,62,41,35,58,49,50,53,21,43,73,40,55,64,40,52,29,71,77,42,29,61,17,41
35,38,60,27,57,59,38,58,62,53,19,54,41,55,87,43,59,53,23,75,52,50,23,16,69,38,39,17
68,36,48,35,48,37,44,51,65,73,60,55,52,58,54,26,13,53,58,40,54,53,55,60,52,69,57,42
57,41,48,42,32,54,71,52,41,48,44,43,48,20,55,74,48,55,69,41,66,53,26,55,22,28,73,53
68,49,62,71,25,43,54,40,47,80,13,52,36,31,9,42,27,47,41,58,52,21,46,43,47,74,63,61
60,16,80,53,70,44,67,59,60,48,55,43,56,5,14,85,79,20,86,49,73,62,53,44,46,47,34,67
64,19,70,60,41,35,57,18,57,61,26,50,37,31,36,52,31,65,43,37,71,67,47,61,33,40,29,67
47,14,31,42,40,60,38,53,35,51,64,46,35,45,42,29,51,56,13,35,62,75,46,76,48,30,38,8
34,34,60,26,49,52,32,59,65,34,44,31,27,47,52,74,38,41,48,54,38,60,80,40,28,44,40,29
38,60,25,53,30,65,59,67,68,46,38,56,32,56,41,55,62,50,60,22,66,42,60,63,69,46,74,57
35,44,21,48,60,29,77,56,70,65,26,55,34,47,50,50,64,74,44,32,33,47,44,51,52,26,35,23
54,49,57,51,51,50,37,50,71,49,61,66,63,40,66,37,50,60,51,31,25,15,56,46,49,54,64,45
38,54,59,56,47,48,43,39,47,63,49,46,77,57,61,50,19,59,48,62,34,60,34,41,75,43,51,56
69,66,25,58,38,54,50,49,79,50,33,53,65,44,71,40,41,26,59,36,71,64,64,41,41,38,54,37
54,35,61,44,55,32,66,59,59,33,44,42,43,53,33,47,49,79,55,60,73,68,33,31,65,49,50,23
69,47,28,31,62,33,61,30,33,56,55,55,52,66,47,38,49,57,57,43,49,68,42,44,65,38,48,62
63,37,30,45,49,102,36,62,59,66,31,59,49,58,73,58,60,55,62,59,57,48,51,37,50,26,57,65
39,56,40,53,72,36,75,24,45,79,31,30,64,53,36,66,79,17,55,39,23,23,36,25,63,48,42,83
40,49,47,52,64,61,54,37,49,47,18,28,38,48,50,42,41,37,41,25,47,54,64,34,72,31,57,35
44,42,34,37,44,52,60,32,49,59,54,19,62,44,65,47,52,80,37,63,20,49,69,48,42,40,57,47
55,53,41,39,62,60,34,59,25,38,59,38,35,59,48,70,36,59,37,54,81,49,48,61,41,44,43,55
52,49,60,23,67,64,63,68,28,28,51,21,33,40,54,45,54,71,78,65,1,83,69,38,53,25,62,41
40,65,61,55,74,49,29,47,34,43,60,62,53,57,47,51,42,57,46,44,55,44,66,33,37,73,43,61
56,58,60,31,60,40,42,54,44,52,30,41,41,30,31,72,38,46,73,49,36,45,45,24,45,38,45,41
61,20,23,38,57,49,30,49,29,62,67,37,31,40,61,78,59,63,70,56,34,31,29,58,59,51,54,52
31,65,39,41,58,52,19,52,47,48,75,52,44,58,39,42,45,53,47,33,68,64,44,43,29,65,37,50
49,45,62,50,41,35,54,66,35,45,75,31,54,62,46,26,56,43,61,36,50,41,4,29,62,55,65,41
63,40,39,64,36,58,46,69,46,47,47,42,54,37,45,32,46,69,44,43,43,26,55,19,38,35,37,53
36,12,49,24,48,36,84,63,27,44,75,58,40,31,35,39,48,40,59,48,49,60,63,59,56,52,37,79
42,67,42,49,54,26,69,64,44,37,53,42,72,43,51,59,34,55,53,64,8,20,28,26,61,53,75,39
17,45,37,49,42,29,43,54,58,28,35,41,65,50,46,6,56,65,35,44,24,63,29,36,44,52,71,37
37,52,73,27,42,20,65,46,37,67,74,28,34,64,39,50,52,69,74,68,24,28,43,60,36,69,64,55
75,35,47,22,62,37,32,49,51,56,35,44,53,40,62,56,49,31,54,75,42,63,26,58,16,50,88,35
77,60,33,41,45,46,49,37,34,48,63,60,24,52,19,55,54,35,36,63,58,74,55,70,43,66,49,44
66,58,45,31,43,37,49,50,45,62,41,51,43,34,33,71,38,53,64,50,64,40,60,34,59,58,55,40
34,51,38,48,51,85,57,37,55,60,60,44,45,57,35,46,52,56,59,56,56,39,43,33,57,68,45,54
54,56,75,30,75,95,41,66,58,38,39,74,43,59,59,38,70,56,44,53,28,50,51,31,34,59,40,34
55,44,58,70,71,61,33,35,28,41,47,54,60,43,67,74,58,30,43,56,26,35,63,34,40,43,35,80
42,44,71,65,65,37,71,72,45,26,34,83,48,71,33,53,69,34,43,54,47,28,23,46,65,58,59,64
62,49,64,76,54,54,57,20,40,29,36,44,52,63,78,40,23,42,50,52,35,51,22,71,54,61,55,41
77,83,30,41,57,61,78,34,48,38,50,56,68,21,21,44,37,46,37,69,35,63,31,48,39,53,43,37
48,71,53,50,37,47,76,77,48,59,51,64,27,29,77,60,33,44,41,70,48,39,24,50,50,64,47,47
40,75,35,43,70,58,45,47,40,52,46,35,44,35,24,50,71,18,68,61,68,63,31,55,54,64,51,43
63,47,53,69,31,29,52,68,29,86,62,31,37,68,43,39,56,30,14,24,37,63,54,64,51,58,51,64
67,45,60,45,26,46,48,54,40,47,68,35,53,40,42,65,72,65,43,55,23,60,54,49,53,69,73,58
74,46,80,55,77,52,60,44,71,54,32,61,53,62,41,55,58,47,40,70,60,65,26,60,50,45,74,47
82,46,5,50,72,52,60,61,44,53,55,70,59,42,48,66,42,86,81,43,71,51,68,34,77,67,35,65
62,53,52,48,35,42,46,50,47,59,38,52,44,38,50,51,47,43,63,70,49,20,49,59,43,54,57,31
79,44,86,36,46,51,71,55,58,57,67,53,72,30,35,69,28,46,38,54,25,72,40,51,70,54,57,-2
46,27,34,48,61,58,52,41,37,47,68,22,28,45,29,30,43,35,33,55,60,35,55,34,86,49,55,84
85,38,50,24,46,53,63,52,69,49,58,38,60,45,69,53,62,54,67,38,54,73,59,39,66,63,68,43
45,18,46,29,67,70,33,48,48,41,57,56,44,24,79,65,48,48,52,75,63,52,51,43,53,43,36,57
38,56,44,65,55,57,38,56,65,63,39,59,41,72,51,37,46,44,73,56,33,69,45,55,64,69,53,30
20,60,11,67,78,44,53,15,37,21,40,31,73,48,69,31,32,37,16,56,43,65,49,70,42,51,42,27
72,60,33,25,53,53,31,47,68,44,58,54,38,66,30,40,66,67,70,49,49,35,51,57,48,46,80,68
36,30,34,35,45,60,42,50,64,37,25,28,43,55,46,49,48,40,53,46,34,63,51,46,33,46,49,39
61,49,46,48,49,67,37,73,66,72,60,66,61,39,56,45,62,72,40,36,51,32,55,37,59,74,58,51
33,59,37,26,48,50,29,70,56,40,25,65,82,55,49,34,49,45,43,30,49,60,42,74,26,60,46,40
55,24,55,46,53,34,56,19,35,32,39,22,54,26,50,43,57,66,50,58,52,18,55,73,60,32,46,53
42,62,42,57,32,43,60,61,51,48,65,38,41,40,73,54,81,54,35,73,41,53,27,55,62,35,57,36
18,76,37,75,50,42,44,51,49,45,38,51,59,24,35,45,54,51,28,47,60,46,32,53,53,68,44,53
62,49,47,69,44,76,41,38,12,52,48,37,55,30,48,55,24,20,59,58,42,19,44,41,60,40,29,57
62,28,57,55,95,64,46,42,53,61,41,46,45,58,53,58,48,20,35,37,84,65,15,44,41,49,29,36
58,41,35,61,42,69,45,48,49,44,32,73,65,74,65,61,28,51,39,36,59,62,61,63,42,80,59,71
71,54,54,48,49,49,24,54,80,61,43,41,72,36,54,44,42,33,88,36,30,59,41,77,26,73,37,20
45,65,58,54,52,54,25,65,27,50,56,36,58,65,38,42,49,72,54,60,49,60,74,49,62,52,78,57
77,25,52,69,63,70,16,42,46,64,36,51,70,34,43,47,60,36,55,41,74,60,23,53,64,42,38,40
59,31,69,59,58,72,56,61,41,45,20,59,43,35,63,57,41,27,54,35,22,44,37,59,47,46,26,39
37,25,39,53,47,52,60,44,35,64,30,60,66,54,56,28,52,61,39,66,48,52,40,51,20,40,68,32
63,37,63,35,87,75,34,60,52,91,62,67,55,28,20,24,52,47,69,70,68,32,75,61,46,53,55,74
51,63,25,72,43,22,56,45,44,38,66,43,69,79,31,19,32,59,46,29,11,64,52,47,48,65,55,59
77,50,52,80,51,46,46,42,34,63,33,40,40,53,43,46,61,68,50,52,37,56,71,31,67,42,37,72
60,41,54,31,41,65,58,53,53,68,50,15,52,66,37,39,61,36,44,47,64,34,38,51,71,33,55,59
55,46,17,35,59,70,66,51,46,32,49,45,45,32,62,45,43,37,40,54,25,22,69,47,62,64,66,51
47,34,6,63,33,40,63,52,66,47,49,47,31,36,70,60,49,55,41,51,29,35,69,43,28,35,34,57
32,34,35,34,51,30,67,69,55,38,28,50,48,55,42,19,46,39,45,44,27,44,36,69,28,43,61,60
35,21,58,40,40,59,63,40,82,76,75,35,40,71,46,51,50,54,58,84,43,47,53,66,58,52,50,21
69,61,51,51,57,61,40,39,40,47,72,71,84,41,89,57,35,60,51,58,57,46,60,50,46,12,58,46
64,39,45,58,59,41,48,43,39,33,61,51,44,41,47,60,54,33,77,43,46,42,28,20,44,51,68,54
48,57,19,9,48,48,56,20,41,10,38,50,49,38,47,38,62,66,46,41,31,42,49,39,58,50,40,52
61,47,60,50,64,86,27,46,36,47,66,58,65,58,34,56,21,79,53,54,51,64,61,61,43,47,56,46
59,64,27,62,49,44,46,38,55,39,46,75,33,56,82,54,45,30,68,48,37,35,73,78,31,50,23,42
50,31,33,66,48,48,64,20,44,19,55,62,63,34,55,33,73,47,45,48,34,43,55,76,61,53,38,67
43,48,30,21,44,76,47,47,31,58,38,58,52,52,35,45,80,39,50,30,32,48,31,49,36,42,44,40
51,32,41,79,51,21,44,53,38,52,37,49,48,47,83,60,64,25,35,65,57,60,21,76,20,43,48,57
56,45,52,45,59,51,50,52,58,27,51,45,42,50,67,29,62,72,52,49,65,35,68,26,42,59,78,31
54,60,43,60,48,44,69,55,69,36,50,49,64,49,47,32,46,53,29,48,54,49,68,39,16,86,64,84
50,49,48,41,29,57,56,46,37,51,11,37,56,81,32,59,63,69,49,77,68,45,48,43,26,41,23,38
59,61,76,38,53,51,57,50,52,64,64,31,56,77,63,74,33,46,43,77,57,44,45,48,39,68,23,47
39,38,57,35,37,57,52,57,83,45,52,30,41,62,57,46,73,74,44,53,53,22,50,84,70,52,56,54
38,68,28,19,74,53,54,44,45,37,46,71,39,59,54,30,79,40,67,63,59,45,95,65,48,59,61,52
71,59,32,56,75,28,50,66,64,20,36,39,47,60,71,56,54,48,56,33,54,68,59,46,44,94,81,74
54,33,36,31,44,36,35,46,48,36,60,62,68,46,28,41,49,51,23,51,72,54,47,39,63,63,47,32
22,71,61,39,39,47,58,59,41,43,45,61,70,32,50,65,26,36,46,49,54,42,54,46,74,68,57,37
37,42,48,45,33,51,49,27,53,68,61,40,45,58,43,26,38,54,42,72,26,29,61,12,47,62,46,61
57,53,75,12,68,76,24,58,41,30,48,42,38,22,52,51,54,54,76,57,66,36,57,60,42,46,56,73
94,57,46,65,34,32,54,55,69,51,54,39,37,52,54,45,37,47,54,60,64,30,33,40,59,52,52,43
59,54,34,36,80,46,36,40,45,35,65,59,56,36,64,53,52,35,41,42,38,45,47,49,66,38,47,56
46,52,75,75,51,61,49,32,73,51,51,42,32,53,27,45,37,24,41,42,30,75,56,55,45,27,64,47
46,65,49,58,59,52,32,44,42,17,65,39,26,42,43,19,72,16,37,42,55,57,50,35,52,43,42,34
83,41,56,51,40,43,48,69,48,65,58,43,46,71,45,49,61,37,60,49,31,67,46,61,55,62,41,50
20,50,53,61,35,46,58,66,65,43,50,42,44,77,34,40,62,52,38,41,53,66,44,63,56,18,36,42
49,49,52,58,39,58,35,19,48,58,42,67,51,50,46,74,40,34,49,51,50,52,39,59,42,70,53,55
38,52,47,44,42,33,51,43,54,50,34,20,38,48,42,36,50,46,30,61,71,33,28,49,37,45,69,54
44,40,53,70,55,32,41,50,55,49,54,58,33,41,46,70,57,44,47,63,53,8,39,66,71,55,31,73
59,41,39,36,38,60,58,60,30,38,51,40,31,24,68,39,74,64,57,34,46,43,73,51,75,60,60,35
58,61,80,39,18,47,74,46,51,24,56,41,42,31,68,50,41,45,39,64,62,27,40,53,84,46,61,59
58,35,45,50,61,40,16,48,85,54,49,50,75,50,35,50,44,54,52,64,47,36,41,22,31,34,39,64
62,38,46,50,45,38,51,72,59,57,64,51,66,70,49,82,35,37,27,50,49,49,54,35,17,59,46,87
58,60,22,33,57,59,75,42,38,55,46,57,59,74,67,38,76,38,57,60,15,57,55,39,42,44,50,51
27,52,47,41,45,68,55,55,54,49,32,48,50,29,41,81,28,52,51,37,47,79,39,46,60,39,30,63
56,42,51,52,56,29,60,41,24,62,48,57,55,56,64,61,68,79,56,30,41,30,65,46,24,62,62,44
71,33,46,49,60,34,45,33,60,43,59,49,64,52,52,51,46,56,40,34,67,39,64,57,48,57,39,33
50,29,44,87,68,28,46,56,43,42,31,47,63,57,60,44,45,52,46,53,79,67,56,11,45,39,64,44
50,61,27,43,-5,57,78,68,53,43,47,72,59,59,98,13,68,47,61,49,67,25,55,49,39,67,57,91
46,43,53,53,50,45,50,52,76,82,69,34,45,64,37,46,39,45,52,52,59,53,40,53,41,64,47,34
23,70,23,39,27,25,35,59,73,46,55,37,48,50,15,29,53,58,65,40,33,25,66,27,63,33,63,30
57,56,68,37,60,54,83,50,48,21,80,52,50,57,39,32,55,40,42,53,62,45,36,40,55,40,52,46
48,49,60,60,42,45,68,63,38,29,28,44,51,42,49,67,44,59,36,56,42,22,39,42,39,46,46,43
35,41,46,79,67,59,41,53,48,44,64,52,75,51,44,44,39,38,47,47,70,46,45,42,53,35,89,46
37,17,46,73,49,95,36,55,43,67,56,44,48,68,53,2,49,51,52,50,34,39,45,61,29,39,47,23
74,17,49,28,50,45,43,42,55,43,58,67,64,32,53,62,69,42,14,53,46,63,50,56,46,51,82,45
25,51,46,58,44,39,43,58,53,48,41,52,30,53,39,60,51,30,68,30,38,59,38,66,23,32,44,50
40,54,49,47,81,62,7,74,12,65,48,32,54,40,39,44,51,22,51,74,45,27,64,66,60,86,42,42
59,17,54,65,54,41,54,27,68,76,53,36,86,52,41,54,83,69,56,67,9,57,71,29,55,39,1,41
46,41,34,41,42,68,55,49,63,42,51,43,63,60,66,30,53,25,30,52,62,24,51,40,56,68,52,36
60,43,49,55,72,58,40,69,37,60,40,49,59,39,29,65,34,49,43,66,52,60,14,46,61,61,45,25
54,79,37,68,43,69,45,58,53,53,54,74,51,77,63,46,45,46,51,35,59,67,54,24,62,57,53,30
58,39,47,55,28,70,64,36,68,40,59,41,74,39,29,61,51,45,61,44,46,44,38,52,60,60,41,59
47,64,44,41,51,39,51,71,38,31,57,87,44,46,59,43,54,43,57,37,62,21,35,56,57,42,42,74
52,47,42,70,63,69,16,49,33,41,82,34,48,62,29,58,42,60,59,46,62,60,53,32,53,57,63,54
76,34,39,42,54,35,33,60,35,35,44,15,68,73,44,21,69,16,63,68,20,26,71,85,45,39,31,59
37,47,35,56,33,40,39,48,48,59,42,34,49,64,39,59,54,42,54,41,55,39,33,20,28,63,22,72
68,64,46,47,71,47,36,55,56,32,42,48,42,49,56,79,56,32,65,39,79,46,57,60,62,36,52,50
74,42,35,67,58,55,59,58,63,50,59,61,52,40,65,74,47,32,64,41,43,54,43,39,-16,49,25,38
49,74,33,64,37,42,60,71,30,43,42,48,45,48,58,29,57,26,42,36,68,38,67,48,52,26,41,60
46,44,71,42,52,42,33,49,61,59,41,40,63,54,64,44,80,63,36,27,70,65,41,53,67,55,39,62
43,57,47,53,29,7,33,68,55,45,66,14,69,42,46,57,37,55,54,48,77,39,34,50,67,65,49,47
73,17,72,18,74,46,48,46,44,50,41,58,77,50,59,59,52,41,72,72,41,49,47,52,76,34,39,49
54,62,73,42,66,40,44,79,80,25,43,40,31,52,60,44,29,86,77,25,38,47,42,55,49,33,53,69
72,51,45,60,95,30,44,48,34,78,19,41,51,25,50,29,62,76,77,62,52,68,28,54,48,66,74,72
27,72,38,55,45,63,45,78,51,25,45,65,38,63,83,67,31,89,54,48,55,43,49,50,54,59,48,71
32,35,25,61,58,35,40,44,55,43,26,51,43,42,45,85,61,18,42,65,46,60,58,58,73,27,59,45
61,34,48,43,66,60,40,38,49,36,56,22,39,34,35,49,67,29,48,45,60,78,69,64,44,25,40,96
56,40,56,48,59,44,46,51,80,75,53,59,64,56,29,17,66,50,67,44,37,73,56,12,53,94,29,59
67,49,59,26,60,65,21,45,57,25,61,50,51,38,44,57,50,73,61,54,69,49,34,9,48,26,60,43
34,50,61,34,44,57,43,61,63,40,46,29,35,70,53,30,17,42,35,61,55,42,57,61,84,20,44,31
51,35,84,48,40,45,53,40,75,51,51,49,45,31,58,42,48,17,80,47,62,25,47,32,39,20,70,71
39,52,58,58,62,34,58,69,50,30,60,55,9,38,58,80,54,55,42,60,56,47,38,42,35,38,49,54
71,49,71,69,77,23,51,35,54,48,64,37,50,46,32,57,80,65,62,65,52,61,66,53,69,70,65,47
38,69,56,81,58,28,55,47,57,40,45,59,60,20,36,64,59,43,65,18,81,56,61,35,52,48,56,15
42,62,44,55,61,54,55,54,37,53,25,57,29,47,45,51,81,41,50,62,61,45,35,74,54,51,25,34
31,68,46,40,60,60,34,66,54,50,21,42,71,47,49,55,43,72,37,59,34,35,53,51,40,47,39,68
65,70,43,52,49,79,54,32,58,29,35,48,38,69,30,61,27,57,56,64,56,60,42,49,63,61,59,51
51,42,56,71,39,37,42,68,49,43,17,43,43,75,57,67,17,53,59,30,47,43,40,40,39,38,46,35
47,43,46,40,65,9,68,36,40,45,72,50,18,55,42,63,63,55,47,69,51,53,48,35,41,29,77,36
72,70,50,49,42,27,41,64,72,67,69,57,50,29,82,57,72,72,49,66,39,39,49,49,69,50,59,54
70,36,50,35,56,32,73,33,22,51,28,57,44,24,19,47,59,59,35,58,77,43,57,55,44,49,66,46
50,55,63,43,44,44,23,30,66,39,57,39,52,58,43,69,66,50,58,40,49,25,50,45,54,33,22,27
44,63,43,55,35,39,25,65,-3,62,66,68,36,44,48,54,68,68,35,37,71,52,59,46,57,36,61,73
55,17,50,28,43,41,43,66,64,42,50,77,32,40,52,58,45,44,25,44,30,73,60,56,67,67,66,39
45,50,61,73,63,48,30,71,69,74,65,39,55,44,54,41,27,38,47,59,54,41,53,52,28,47,35,59
43,29,55,30,29,41,75,68,67,55,57,75,52,56,83,57,67,56,50,42,59,19,54,34,50,36,45,64
64,63,66,64,56,66,44,67,47,36,76,32,55,71,35,40,46,63,66,58,46,75,41,59,70,21,40,81
35,68,57,37,53,49,66,44,61,33,44,56,60,56,35,72,42,22,35,65,56,58,65,61,39,57,41,49
46,16,51,24,61,35,53,38,42,26,54,44,35,62,56,46,57,42,60,64,36,51,61,60,29,46,48,57
37,43,44,50,69,36,48,49,55,56,52,53,41,57,57,46,42,66,28,23,61,46,59,53,54,66,44,27
54,20,46,69,59,40,56,36,46,49,46,73,75,31,45,43,62,40,58,22,25,64,15,52,66,28,37,50
64,46,51,31,67,48,25,77,43,49,42,48,22,13,47,45,60,35,38,39,56,69,63,52,45,58,26,48
26,71,44,39,28,63,76,51,8,45,70,80,40,61,57,45,53,45,40,34,51,49,39,33,48,50,54,82
54,69,52,63,55,46,43,89,61,51,54,64,43,23,52,48,64,48,64,50,22,62,57,47,61,61,69,52
57,58,54,59,53,39,38,52,39,59,57,46,41,39,68,45,63,33,22,31,45,52,29,19,60,49,28,72
51,22,41,47,63,33,54,57,28,29,43,49,59,56,66,39,21,50,26,38,21,76,48,23,39,42,52,57
56,37,39,24,45,29,38,71,45,55,36,41,53,51,41,75,58,53,45,46,63,70,42,50,53,49,78,56
35,41,45,82,57,63,70,51,11,67,36,40,40,78,61,49,45,46,30,45,72,22,46,70,52,51,64,64
48,48,37,22,65,59,55,57,55,64,35,48,78,37,45,52,10,61,40,23,57,38,46,42,45,49,23,39
48,75,42,27,76,80,37,50,43,47,52,21,30,68,47,57,65,32,47,53,38,63,64,18,37,8,42,55
40,39,29,49,49,36,68,28,43,32,30,57,42,38,69,46,41,39,47,53,53,52,77,41,68,29,56,58
43,32,60,71,39,40,45,58,73,14,73,85,71,45,45,33,58,51,76,41,53,39,54,45,55,61,47,26
40,47,24,62,62,57,39,41,45,43,69,48,46,69,45,52,31,42,47,49,72,73,56,49,30,38,94,72
43,47,65,64,63,34,49,66,39,61,52,33,31,37,31,36,43,52,66,57,31,80,72,66,46,70,65,20
49,55,68,30,44,47,68,39,53,43,42,48,76,30,46,53,47,28,57,45,59,45,36,71,48,38,42,63
49,82,46,18,38,61,48,55,54,42,42,27,45,38,50,30,43,41,47,59,76,37,54,80,71,41,43,38
60,19,73,59,51,63,5,52,69,57,61,88,67,38,62,73,56,64,38,61,33,57,53,34,33,62,57,72
64,60,71,60,20,27,36,54,48,36,21,46,51,65,49,48,62,59,37,50,48,35,43,52,62,50,43,57
75,54,51,68,81,41,49,60,50,48,61,52,93,43,49,47,44,43,48,47,26,51,44,49,65,57,30,54
46,72,82,61,44,24,46,56,26,41,30,51,24,76,56,43,67,44,35,49,55,54,49,44,34,61,76,43
53,39,51,43,51,40,60,70,72,42,68,56,58,50,50,28,48,64,48,46,40,44,50,60,38,43,41,70
43,43,54,74,29,31,44,61,29,67,27,27,28,55,57,65,33,6,46,34,60,52,67,50,37,43,59,29
31,51,37,66,87,60,41,38,76,40,57,65,61,60,53,52,82,75,52,65,29,34,48,29,46,55,49,46
38,45,33,43,44,41,61,60,33,60,53,51,24,57,75,53,42,27,29,58,65,38,66,52,36,64,21,59
75,16,31,52,48,45,41,48,26,41,42,61,65,73,91,72,33,61,27,47,76,47,31,44,60,45,59,56
48,59,52,60,46,39,52,30,47,27,34,45,59,45,72,49,64,46,39,85,54,63,50,59,55,47,38,56
48,74,68,43,36,36,72,62,30,50,46,37,39,33,76,66,78,46,58,17,47,54,30,52,76,42,40,49
36,38,40,63,67,35,59,61,58,83,56,33,46,70,29,67,37,48,61,64,50,73,40,21,63,63,57,25
51,43,35,69,73,50,54,31,79,63,42,58,38,55,43,70,51,42,49,44,73,45,60,59,47,43,31,70
41,78,61,56,56,40,47,62,65,52,73,50,61,45,59,29,29,63,41,2,28,34,64,36,54,86,42,58
62,58,41,51,34,37,48,34,68,51,54,62,32,24,57,66,37,61,57,50,61,63,30,46,32,21,66,30
52,59,47,44,20,48,50,47,58,35,41,60,55,43,37,61,53,56,63,29,39,65,56,42,69,81,55,35
31,30,26,53,76,72,78,66,42,56,68,62,45,62,64,72,66,47,64,51,39,29,20,73,54,20,35,57
33,61,62,31,35,71,80,49,63,42,26,30,45,57,42,82,56,42,45,64,31,61,45,33,38,49,41,39
61,42,64,49,53,39,53,24,55,82,48,66,39,83,53,47,30,49,65,50,35,45,51,51,35,46,57,50
48,52,55,30,21,45,45,43,60,38,55,64,71,72,40,42,56,54,101,66,47,46,24,73,54,44,40,37
50,51,31,66,46,55,21,43,52,35,66,66,44,52,76,20,28,42,60,40,73,45,24,44,33,51,21,82
41,45,51,13,65,35,33,54,68,55,59,57,50,40,21,7,25,68,28,42,31,41,60,22,46,13,44,57
41,52,54,45,52,36,47,59,52,46,50,39,45,68,25,48,56,45,59,60,55,54,19,49,40,55,68,54
33,53,52,57,52,31,58,57,14,58,51,33,52,62,40,55,44,29,35,41,46,15,66,43,52,43,69,35
82,71,58,41,49,23,43,66,34,46,55,57,31,46,53,36,48,51,91,49,36,49,27,45,35,61,62,41
43,46,61,47,22,57,31,28,44,41,34,38,57,61,43,56,40,55,49,67,49,31,55,31,75,26,50,47
29,41,46,22,40,18,41,70,37,44,35,51,67,47,64,57,71,33,67,64,40,43,70,41,74,45,48,55
51,35,68,63,56,51,47,45,78,50,64,69,58,53,58,38,45,77,56,63,41,46,45,34,49,55,26,46
41,39,68,38,47,73,59,82,45,64,69,59,33,28,50,57,54,42,61,36,62,38,39,34,65,56,60,67
44,40,58,41,52,73,69,41,21,45,44,48,23,53,55,64,40,75,55,72,47,48,40,28,47,42,60,43
64,62,42,32,52,62,54,52,37,52,32,55,54,44,49,35,48,23,64,45,91,63,55,45,42,51,47,45
76,55,49,28,29,61,67,49,53,40,37,70,38,52,49,23,32,46,47,19,48,45,60,34,41,34,43,70
47,59,54,22,40,29,46,58,22,44,77,49,61,46,42,41,36,61,29,52,66,54,48,41,50,47,32,36
41,59,72,68,40,63,44,33,56,36,23,35,53,71,52,51,58,51,52,20,63,68,65,38,30,48,61,36
46,71,57,61,59,67,53,70,42,37,72,58,24,80,56,58,38,51,48,40,37,32,60,70,31,49,37,45
37,52,36,39,41,54,57,44,43,38,39,72,57,55,34,47,59,54,29,70,63,48,49,80,44,43,43,55
43,58,55,47,70,55,61,39,48,72,25,53,27,74,39,54,38,24,61,26,70,43,67,46,41,50,31,29
57,30,36,39,51,37,38,65,45,47,67,46,62,41,54,54,54,32,85,56,64,77,49,53,47,56,41,57
43,57,33,52,72,40,64,42,38,11,65,65,78,33,81,60,28,57,69,31,47,51,35,35,16,25,30,47
49,52,49,58,54,47,25,54,45,50,43,58,65,45,43,26,24,34,57,78,35,57,45,34,48,61,68,49
49,42,42,61,65,57,42,34,56,71,28,75,35,27,16,52,35,56,52,40,78,31,43,43,61,46,48,53
63,74,40,59,58,55,53,66,25,47,44,34,61,43,64,39,62,65,68,65,34,44,63,63,50,44,68,25
35,41,65,59,28,38,52,78,32,61,66,37,65,40,56,74,56,59,49,31,71,57,50,52,53,31,44,23
77,32,13,43,46,48,37,42,11,63,37,56,67,25,64,40,43,59,56,65,51,55,41,56,50,56,29,62
47,46,30,34,19,64,69,51,44,48,44,46,42,53,44,57,28,47,36,44,55,33,66,44,51,49,34,32
45,54,70,74,59,72,36,37,52,53,64,46,51,32,67,51,48,48,67,56,49,62,72,37,49,55,52,55
49,47,59,30,26,77,29,79,52,38,47,40,28,45,44,88,35,66,72,62,73,66,50,76,34,19,99,49
21,39,62,24,35,52,52,54,60,58,27,47,52,70,45,80,48,64,34,33,87,62,67,60,38,41,75,57
30,49,53,38,51,45,28,46,40,77,60,93,40,17,30,37,34,37,74,49,66,68,29,40,74,37,45,58
59,41,62,66,50,71,47,75,65,44,49,49,59,37,53,53,51,67,50,87,39,62,66,62,71,65,16,37
57,69,82,23,32,48,49,63,69,67,42,30,54,55,55,58,72,15,74,82,60,60,34,63,79,52,55,67
63,57,58,55,17,35,25,42,64,48,23,83,45,28,63,50,70,53,29,79,41,38,77,53,35,72,56,43
39,20,28,47,70,57,47,58,68,59,57,63,53,73,48,64,83,60,57,16,38,56,54,69,50,18,47,41
54,43,34,34,51,58,40,42,46,56,44,55,10,52,45,45,54,29,41,56,37,35,36,43,36,53,67,32
50,76,42,42,67,57,34,35,71,20,46,84,48,28,47,39,49,33,59,77,49,40,60,54,58,50,21,24
62,55,67,41,52,44,69,54,41,43,41,44,27,53,38,57,63,49,34,42,39,39,48,47,62,70,45,34
59,39,48,45,52,55,25,48,45,68,53,61,45,61,40,62,38,44,43,53,23,33,30,49,23,52,65,57
-4,38,57,73,50,63,35,69,20,16,55,51,44,53,45,71,29,24,49,58,72,62,60,63,50,19,71,81
34,71,64,46,55,60,31,53,41,46,51,59,42,50,29,82,36,46,60,60,24,5,48,48,56,30,60,64
62,54,73,37,44,47,43,44,52,49,35,58,71,52,61,44,44,26,84,59,58,47,42,56,56,43,52,39
57,24,41,62,49,69,44,43,37,29,59,64,50,53,70,54,53,83,33,46,45,19,38,35,48,63,54,60
50,31,67,34,51,45,40,49,40,39,43,47,38,44,37,44,53,36,64,56,61,71,38,74,59,52,39,6
60,30,50,70,57,79,6,56,62,53,48,41,44,66,26,55,80,63,47,44,61,28,51,24,65,75,27,60
67,42,48,57,56,92,21,47,54,33,56,32,83,55,66,32,53,55,73,40,42,45,73,60,52,43,70,40
51,84,54,67,45,40,54,66,52,45,43,33,42,61,54,43,56,75,28,22,60,34,43,39,77,32,57,47
44,55,95,48,46,41,45,40,47,52,33,79,52,29,33,56,49,56,37,53,37,56,77,26,54,51,66,56
76,57,36,60,25,48,35,69,42,41,39,44,60,54,45,66,23,64,72,53,87,55,62,66,57,55,8,31
25,58,47,61,60,16,55,29,46,42,72,54,50,49,58,58,70,32,51,64,50,49,56,72,59,60,55,65
16,39,46,50,48,45,61,59,51,38,51,20,66,44,44,56,27,31,66,58,72,38,53,66,77,43,52,21
55,37,50,50,44,81,30,54,42,68,51,57,53,69,24,24,54,84,57,49,56,42,52,40,63,45,58,42
71,64,43,32,75,41,61,62,51,49,38,17,36,34,45,20,47,34,53,53,37,36,68,46,58,39,56,51
58,46,54,33,55,64,26,40,38,45,22,50,56,52,54,50,70,81,32,65,45,44,58,45,21,63,59,39
39,38,49,69,50,28,28,58,55,49,46,43,46,47,59,50,55,86,53,44,31,66,50,62,56,65,46,50
23,55,41,54,34,53,50,34,54,70,38,34,40,62,65,39,62,48,46,67,2,77,65,52,68,54,53,30
43,60,87,20,69,52,44,56,66,63,64,46,52,52,39,49,78,51,70,60,89,40,70,65,59,72,50,67
50,56,31,49,69,61,22,61,46,62,41,75,22,70,64,59,76,58,65,64,33,51,34,61,48,39,48,65
32,62,66,43,79,68,65,16,66,33,53,43,45,37,41,51,29,58,49,60,53,48,53,63,67,35,69,41
47,46,77,54,44,51,33,28,67,50,42,47,12,37,34,31,53,40,44,30,57,47,55,48,60,39,59,57
79,53,25,40,56,74,34,53,75,40,59,53,44,46,41,42,52,63,20,31,20,19,74,46,55,61,41,42
39,59,28,26,49,48,60,18,42,46,56,50,49,36,80,38,18,75,57,50,46,55,65,58,33,40,71,48
57,23,49,61,38,66,68,39,31,29,33,29,55,37,23,46,38,47,59,73,12,31,50,44,59,46,77,66
64,32,37,20,21,30,38,49,34,34,26,77,75,43,54,40,56,70,24,40,67,29,73,49,45,34,38,36
28,42,76,56,48,32,38,62,45,64,34,56,43,42,37,93,47,68,20,29,32,66,46,56,35,54,67,60
58,32,58,72,24,58,56,48,60,55,50,41,67,34,63,75,74,66,68,48,44,34,42,59,53,54,47,38
41,44,60,49,30,27,52,41,55,8,75,12,47,45,68,41,44,49,55,54,60,52,39,62,49,60,69,77
15,66,39,54,72,57,69,36,32,39,21,50,63,22,45,58,56,47,48,62,42,16,83,58,54,33,56,56
41,20,32,19,40,48,66,84,41,29,58,38,72,55,41,37,31,39,60,40,40,67,44,19,35,52,48,47
66,85,61,31,47,33,59,57,41,52,35,36,46,19,56,35,49,59,50,57,61,32,25,62,63,59,47,55
42,50,44,65,33,42,68,67,6,32,39,43,36,61,63,63,50,52,56,30,40,62,48,24,62,74,55,49
40,63,72,48,62,69,51,48,31,37,36,47,55,64,24,53,45,30,61,49,34,26,31,50,69,56,66,85
59,53,10,68,44,50,53,33,47,57,41,46,49,75,64,99,50,53,61,63,44,31,66,48,40,57,46,27
47,53,48,51,67,61,25,46,40,35,45,49,65,77,48,64,32,52,73,49,52,44,27,42,70,47,63,44
44,54,42,42,73,44,49,52,61,47,68,46,39,34,76,54,64,43,22,57,26,83,61,58,74,55,56,43
36,78,44,51,64,43,38,40,43,53,88,60,50,79,53,46,36,47,40,46,36,59,48,44,43,55,47,52
53,44,51,24,60,55,39,60,57,39,41,73,57,75,66,38,41,36,68,25,88,60,59,58,29,28,45,33
54,61,49,34,67,45,90,80,65,37,46,56,50,59,44,45,53,71,41,48,45,31,32,45,17,84,71,35
96,47,42,18,22,43,43,50,49,41,47,54,49,45,52,62,38,49,20,47,58,32,59,37,58,25,61,85
39,54,68,36,49,29,22,59,74,60,70,42,58,42,32,62,63,59,50,33,38,57,41,39,34,47,39,38
55,32,76,37,46,28,63,39,64,25,72,53,60,48,61,71,54,58,60,63,50,53,68,50,69,39,58,35
46,57,71,50,67,60,41,56,47,28,36,72,46,26,37,46,51,59,74,41,32,63,57,73,36,61,46,65
43,50,52,50,59,50,14,62,35,53,50,63,44,39,58,66,45,82,36,58,92,49,59,26,21,35,75,45
55,88,42,57,20,23,44,34,73,65,54,41,49,49,36,78,57,44,76,44,65,28,24,32,53,15,29,59
44,23,60,46,45,62,34,75,58,38,37,60,56,28,65,67,73,68,66,49,19,39,52,42,40,56,63,69
58,76,33,49,49,45,37,39,35,56,51,24,78,26,73,29,48,57,37,97,71,38,31,48,29,33,70,50
56,45,61,31,67,67,54,50,49,47,42,28,30,46,47,42,35,53,49,41,15,60,38,39,37,57,49,33
62,41,32,40,60,48,44,43,55,47,54,38,51,39,45,35,59,8,46,45,20,31,43,41,66,39,64,33
56,48,30,67,46,17,42,51,53,49,20,49,42,93,85,55,39,55,56,52,61,40,38,68,27,58,25,47
62,58,30,53,66,69,37,44,58,49,37,48,44,55,36,50,51,13,35,60,46,51,58,55,73,51,33,15
59,49,58,50,15,19,49,84,30,41,56,39,73,77,49,58,60,52,49,44,57,55,92,57,69,54,41,49
54,56,58,51,33,76,62,57,41,41,73,58,47,63,39,34,49,47,44,65,41,43,56,21,32,26,42,39
20,59,77,41,10,53,57,48,52,38,53,62,46,45,43,51,38,13,60,46,45,49,64,65,55,51,39,37
36,49,37,33,1,49,39,37,51,60,67,51,56,26,50,23,62,51,45,55,79,59,38,42,54,36,50,55
21,29,22,32,56,62,83,52,70,24,33,38,51,92,10,63,45,53,70,20,34,34,71,36,46,34,30,45
66,26,47,44,29,60,50,57,35,76,43,41,61,73,35,30,45,40,45,22,72,29,64,49,54,68,63,49
34,34,37,13,79,61,35,42,48,41,39,50,48,28,76,75,60,56,64,48,57,46,18,60,60,72,43,56
56,50,70,66,48,25,30,41,47,59,46,66,67,34,22,54,55,35,68,33,57,5,39,63,49,40,55,33
47,32,34,45,48,87,44,49,14,46,40,72,76,58,83,27,48,47,49,51,65,59,56,43,34,40,68,47
45,42,35,46,42,20,43,51,64,51,57,67,40,38,53,85,50,46,52,44,54,25,36,49,35,36,54,78
41,45,40,67,39,44,51,52,35,41,35,47,30,57,37,31,50,53,45,64,72,45,70,31,83,50,20,40
48,75,67,50,35,66,65,40,75,55,80,62,70,19,65,28,59,46,45,67,57,49,58,38,35,71,48,75
63,44,78,70,51,39,55,50,96,84,49,32,45,59,27,24,33,38,48,50,56,39,66,50,62,46,43,53
63,38,54,58,64,68,57,60,56,59,49,27,53,61,52,41,70,55,29,51,51,58,43,62,47,65,55,49
51,67,32,18,38,48,50,71,38,46,34,54,27,57,64,80,24,75,50,51,71,79,51,39,67,61,57,51
46,57,29,26,64,6,64,71,51,61,30,38,45,45,47,48,32,41,36,57,52,45,38,50,45,49,47,54
66,83,54,79,35,43,46,42,48,68,61,39,40,46,63,53,22,85,62,40,63,67,50,46,42,67,46,27
61,54,57,37,44,53,78,56,22,31,46,30,52,44,60,37,37,37,62,48,31,67,55,42,52,59,49,42
28,70,37,67,35,64,63,39,59,44,62,51,47,61,20,32,65,72,49,57,25,48,58,60,52,71,53,19
49,50,62,66,69,69,18,46,57,48,54,54,63,60,57,38,33,54,53,57,51,47,48,46,64,50,69,78
51,91,60,43,59,50,30,74,73,46,44,39,20,68,57,38,47,43,64,53,42,52,69,48,80,49,23,27
40,55,41,55,43,42,66,42,42,23,54,46,49,56,60,70,48,48,38,46,57,72,48,51,58,64,61,59
45,62,61,59,52,67,41,38,50,41,27,74,60,46,78,36,42,86,33,30,66,72,18,46,41,53,75,46
37,41,83,39,-1,45,68,48,54,58,65,61,53,53,85,30,39,45,41,66,50,67,61,72,40,26,66,71
66,63,40,37,44,24,43,19,38,24,38,73,66,38,74,56,33,59,53,55,32,32,43,56,42,21,56,39
41,57,42,36,59,38,39,40,56,57,58,48,28,67,38,38,62,47,72,54,63,64,57,30,57,52,35,64
68,66,69,54,51,60,40,60,54,58,68,29,49,29,48,42,50,41,53,50,51,54,48,56,36,40,86,65
61,62,69,30,35,70,32,36,54,50,64,43,41,56,61,37,30,58,39,28,61,43,25,73,42,44,55,31
52,64,45,40,85,60,71,43,32,57,31,57,46,56,57,56,93,54,48,42,56,67,20,62,65,115,50,42
37,68,58,54,43,59,55,69,66,68,41,66,50,28,58,33,42,46,45,53,45,56,39,65,55,51,52,75
65,13,68,40,39,23,71,39,80,74,55,55,48,42,32,48,36,69,53,24,53,56,39,41,61,53,31,62
72,69,61,41,66,54,57,86,49,33,67,44,45,50,60,41,40,51,33,56,34,23,47,65,50,27,45,65
52,51,54,28,36,24,56,79,47,55,44,51,28,35,39,65,45,29,53,26,91,48,56,61,41,46,61,78
54,67,55,50,50,43,34,39,59,44,29,60,54,53,75,41,50,71,33,66,37,45,83,50,59,57,64,37
34,49,70,24,28,47,15,44,59,70,57,50,75,49,73,32,42,56,42,56,49,26,35,40,71,62,32,71
31,65,39,59,66,37,72,54,62,51,66,26,69,25,40,58,8,64,36,55,47,31,48,64,59,31,64,37
59,22,31,47,60,51,67,41,49,67,40,62,54,52,57,47,37,54,53,41,56,50,28,50,42,54,60,47
17,53,38,56,62,59,33,50,60,43,76,39,37,25,41,69,72,23,59,51,41,84,25,90,69,56,40,59
55,21,66,31,64,64,47,44,52,71,51,52,37,63,42,35,26,85,48,48,78,52,21,45,45,33,41,29
44,72,41,66,32,81,55,42,53,30,58,51,44,51,53,42,53,35,32,57,68,32,64,59,54,64,69,46
56,28,40,38,48,29,41,77,53,44,36,55,68,30,53,38,63,57,54,47,35,54,46,44,46,48,48,69
72,56,66,70,81,59,58,75,20,48,30,24,71,43,46,48,30,68,41,68,48,39,35,72,45,17,78,11
31,47,44,59,25,31,34,90,34,46,37,39,83,49,33,64,58,48,57,43,26,14,39,48,64,74,65,45
82,38,73,71,38,51,55,44,59,42,60,34,42,57,34,52,63,22,60,41,50,59,42,45,29,33,39,33
43,40,52,53,61,34,50,46,50,50,19,64,70,56,37,51,48,80,48,41,71,80,61,43,59,33,61,32
64,64,57,40,50,41,68,75,53,67,25,43,19,73,49,53,72,49,45,50,1,43,27,40,28,57,38,58
53,54,19,68,67,67,58,37,47,55,83,31,39,58,70,51,47,54,43,47,46,31,37,43,24,8,47,56
53,29,33,68,59,54,43,76,44,61,70,74,51,41,67,76,77,31,58,45,51,33,56,40,33,46,30,52
28,76,42,51,41,42,53,56,75,65,44,62,60,35,40,48,44,30,24,41,60,44,60,51,48,48,44,55
35,53,76,65,56,75,38,57,41,41,24,62,27,29,30,36,49,29,85,59,28,27,36,36,39,51,84,46
56,37,46,59,23,46,36,42,80,23,71,51,35,41,37,56,43,44,31,42,53,66,21,27,67,14,37,83
54,29,27,48,33,49,36,51,53,43,42,80,39,70,30,56,46,43,48,64,29,59,85,62,41,43,62,53
0,18,57,32,69,44,44,61,44,31,45,47,48,62,57,40,78,45,30,25,58,40,27,54,69,49,51,61
56,51,74,50,24,26,19,56,33,60,34,44,55,57,40,32,13,37,66,44,41,17,64,29,40,55,41,26
68,65,67,50,42,34,70,39,49,43,12,64,73,31,24,61,69,57,64,52,23,37,63,73,91,39,45,40
52,60,50,66,45,57,50,48,31,44,29,59,66,54,66,36,54,29,57,73,46,57,32,66,67,54,80,52
50,39,42,87,57,73,68,51,69,69,59,55,30,41,47,72,41,69,24,62,30,28,33,35,53,49,18,87
35,67,48,49,30,44,48,45,40,48,56,58,79,30,43,35,28,53,36,41,52,32,39,53,62,32,54,60
48,34,44,54,18,56,47,55,55,32,70,31,38,52,37,34,46,40,86,64,70,43,53,50,60,39,61,53
55,33,33,71,44,37,68,58,63,47,68,52,51,26,68,45,29,57,56,35,77,69,50,27,31,31,18,67
36,61,39,58,37,29,42,58,54,49,53,57,29,60,36,49,42,43,49,68,62,57,54,31,85,61,33,50
31,44,46,65,41,75,42,38,19,52,54,62,27,72,36,37,29,44,56,53,56,49,46,20,72,54,48,42
63,44,76,39,67,25,55,40,67,51,31,35,60,48,66,55,43,52,50,66,67,40,58,34,59,55,47,47
56,38,35,50,44,55,95,41,56,79,44,42,14,28,54,57,41,29,54,17,41,35,53,55,51,56,62,73
34,29,67,31,22,50,40,47,60,60,41,44,26,38,17,66,57,37,51,73,62,40,37,69,66,70,64,72
32,40,57,27,56,73,91,41,29,52,59,55,45,41,59,53,32,47,60,59,55,30,46,65,40,48,74,37
47,59,45,51,54,37,52,62,37,49,61,32,15,56,56,37,74,54,55,62,47,41,73,50,51,30,53,56
54,53,41,49,46,32,35,71,43,48,34,67,27,22,28,70,18,59,57,66,64,41,51,48,51,27,32,48
58,63,29,46,60,72,38,49,50,71,61,48,30,47,63,45,60,44,51,61,50,46,54,57,46,45,57,63
43,60,66,60,26,51,36,91,53,54,20,73,23,57,23,47,43,39,42,41,40,38,39,43,37,67,50,35
59,54,26,65,35,51,14,22,50,45,53,59,49,31,51,40,44,41,37,43,70,71,73,30,52,40,34,61
51,44,39,47,63,53,50,66,24,26,62,59,49,21,36,62,27,44,64,45,74,57,71,56,56,42,77,39
55,43,38,49,40,36,21,29,50,22,43,15,62,66,33,31,68,34,53,34,56,67,37,68,57,26,34,38
41,69,15,51,53,51,41,38,45,61,82,21,47,39,43,73,52,26,26,48,35,55,50,55,43,64,54,77
53,15,34,41,29,53,50,60,38,42,46,46,77,58,34,26,72,67,38,62,57,40,42,77,44,48,10,74
67,41,39,53,24,50,78,21,81,26,41,32,65,61,37,43,28,64,60,87,29,65,63,27,75,69,46,49
70,17,40,64,32,51,33,53,69,62,53,52,43,37,36,63,60,59,45,55,49,28,60,45,47,80,40,25
52,22,21,45,32,71,29,62,17,48,43,53,67,46,57,50,43,50,39,24,31,52,53,34,51,57,60,44
40,50,68,45,62,64,45,19,50,31,73,36,27,54,75,45,42,67,35,41,55,53,49,56,48,25,55,71
57,79,42,62,62,32,42,44,45,15,58,44,68,50,74,48,49,45,30,53,30,64,46,62,51,28,52,62
53,34,70,40,23,40,38,57,37,53,62,29,58,53,63,33,26,32,78,54,33,39,37,37,38,48,43,39
55,71,65,34,57,44,45,59,35,43,44,66,56,62,14,44,72,46,58,70,42,67,44,38,41,59,37,41
57,45,40,52,36,40,32,62,16,56,56,49,64,39,43,40,42,36,65,39,52,60,38,46,28,56,54,42
47,45,37,22,48,73,94,46,19,44,55,36,43,38,36,71,57,38,36,54,29,49,57,38,39,40,80,60
75,45,14,54,64,49,70,85,57,53,67,71,44,57,60,63,54,70,58,26,76,31,48,49,12,69,31,50
36,66,48,50,54,57,65,77,38,32,54,37,42,76,49,46,80,18,48,41,85,57,37,52,45,44,54,50
49,46,52,40,12,41,18,61,61,41,73,52,51,55,77,63,36,71,50,24,35,44,59,53,49,49,48,52
50,36,40,36,52,28,45,65,25,51,63,66,54,50,37,49,58,72,86,28,2,53,24,48,72,15,54,45
34,59,39,45,55,31,72,56,41,54,65,58,48,70,48,38,53,33,80,31,41,53,59,57,29,66,69,23
68,28,58,51,45,46,48,73,36,56,58,52,48,41,27,54,73,36,51,53,50,37,83,59,62,50,61,32
42,74,41,60,69,39,66,27,31,42,55,102,49,61,65,64,70,71,31,26,32,48,51,65,19,45,65,69
62,61,65,47,41,34,41,52,54,46,21,64,69,35,49,48,42,15,51,66,60,61,41,40,41,76,81,60
68,49,26,66,38,64,43,57,54,38,36,44,35,48,60,49,94,59,15,75,69,59,50,70,43,53,51,51
39,39,25,57,42,58,34,37,47,38,64,60,96,55,53,47,32,58,40,65,50,54,20,23,41,66,47,39
12,28,38,52,55,55,23,43,60,47,77,66,51,51,44,44,21,19,74,53,20,85,48,32,59,59,62,34
40,16,47,56,67,65,68,58,53,54,75,22,66,61,42,66,29,25,33,51,54,11,45,67,80,58,56,75
40,64,66,50,47,32,47,63,38,44,32,31,49,69,49,21,24,54,62,53,49,73,21,35,63,62,36,62
45,19,55,72,80,66,73,37,37,47,32,48,42,52,53,48,44,68,44,64,51,53,72,64,53,41,49,41
53,41,37,35,60,65,47,22,32,56,60,48,59,61,36,26,64,38,89,28,42,56,53,53,38,70,64,60
67,81,58,55,48,24,49,61,34,41,54,44,48,85,66,30,47,53,53,56,48,55,34,43,69,51,44,46
58,60,37,55,42,65,33,77,67,69,44,37,46,39,73,51,44,28,58,43,39,57,54,48,54,46,56,77
53,58,72,30,56,42,29,63,29,34,37,38,45,14,14,47,30,31,63,40,48,36,56,54,63,54,67,84
52,48,47,58,50,32,54,39,65,36,22,34,53,51,48,47,78,44,57,84,52,43,59,56,47,64,22,42
40,68,49,37,23,40,35,37,41,56,16,47,18,50,59,39,37,35,46,10,21,68,59,81,66,37,43,46
63,48,59,25,38,49,66,43,55,43,62,56,16,43,35,30,63,62,59,44,42,39,51,53,37,55,46,33
34,64,34,65,54,38,50,62,55,48,56,30,54,65,42,59,75,39,52,43,40,74,42,27,66,26,62,42
67,43,74,62,31,60,50,38,68,39,58,46,53,30,46,65,28,77,55,47,38,43,50,49,56,44,19,72
55,67,61,34,42,51,58,45,40,58,53,61,47,58,44,90,54,55,38,56,64,43,58,48,69,40,53,19
47,55,64,45,37,56,39,55,54,29,78,66,39,50,61,54,19,22,22,68,20,60,54,63,43,39,40,27
79,57,43,33,42,42,38,67,47,67,62,51,65,53,47,51,55,1,55,66,75,45,65,61,34,58,77,61
77,31,47,54,35,68,45,31,58,36,35,74,61,59,36,35,52,64,53,47,53,76,42,41,70,47,18,50
54,20,71,58,42,63,45,46,54,39,34,57,34,62,42,55,61,67,74,66,61,31,65,70,59,45,53,58
47,46,23,65,18,26,69,18,45,55,46,56,30,54,62,42,52,53,47,43,75,50,32,47,44,33,59,125
54,26,59,72,66,36,19,61,81,28,53,16,33,48,60,25,39,71,35,52,44,52,54,37,41,55,60,70
74,37,37,28,21,36,74,62,43,42,53,34,53,43,45,28,67,58,42,45,78,52,30,56,74,50,58,45
57,39,63,40,17,66,54,42,68,55,50,30,32,39,43,42,50,56,59,59,49,52,34,73,56,30,34,21
57,48,45,49,63,40,60,80,46,61,25,68,58,36,78,36,51,48,46,41,66,45,53,45,52,27,49,61
57,39,46,43,38,27,51,48,59,26,60,87,66,7,44,32,59,50,32,83,30,47,72,38,65,20,36,82
41,67,32,36,53,52,36,62,77,69,16,35,54,46,55,41,41,52,51,47,47,51,56,25,46,50,61,35
87,27,59,46,50,32,68,44,45,56,46,76,55,51,48,67,31,51,82,35,49,85,65,67,59,61,44,54
27,65,70,46,51,65,68,47,49,58,58,69,50,43,54,73,69,27,47,53,53,23,44,58,37,47,51,30
78,58,37,41,64,71,32,52,44,55,43,32,54,64,57,56,53,32,43,60,52,71,58,65,54,34,23,36
54,54,48,53,67,93,43,60,40,65,50,43,56,40,84,48,71,63,89,64,70,19,50,77,43,40,39,46
48,81,36,60,47,25,35,63,77,53,48,38,58,47,37,49,21,45,36,51,62,41,50,26,74,34,69,48
46,59,60,54,53,66,75,63,71,70,46,72,21,44,63,35,51,34,51,39,40,42,54,52,18,64,57,44
74,47,40,75,44,64,83,34,46,68,73,31,27,37,63,39,66,44,42,56,71,33,49,52,41,49,64,42
47,59,65,27,40,39,61,56,61,17,43,37,52,44,35,57,63,57,58,52,47,26,33,54,45,60,63,25
62,74,36,43,32,56,46,62,26,51,44,56,47,70,29,62,41,55,28,38,52,40,60,42,52,64,50,66
38,28,69,53,52,47,55,49,54,47,39,43,61,58,37,51,35,65,37,78,58,43,72,72,51,37,49,55
26,48,55,66,46,68,58,30,58,76,64,62,39,54,37,64,38,39,43,41,62,50,41,69,75,39,54,58
28,55,32,42,31,44,40,49,67,31,49,66,47,29,47,64,49,55,17,65,60,26,36,31,40,54,33,27
37,22,53,74,32,40,83,71,31,42,62,74,39,50,41,30,48,58,40,66,50,19,60,52,31,60,36,32
36,33,42,52,65,49,49,29,16,31,57,38,46,44,43,18,38,63,55,56,40,66,40,38,66,44,19,44
58,38,39,2,62,48,47,34,54,59,61,12,42,38,51,49,64,36,30,51,79,51,32,30,46,40,50,49
59,29,55,38,77,46,33,44,44,55,63,53,48,54,30,53,84,50,38,37,26,53,44,35,38,40,40,51
76,50,74,28,69,53,51,34,38,43,64,56,67,46,66,37,47,55,24,27,37,41,34,45,65,60,35,67
52,59,54,46,30,31,37,59,56,52,40,62,72,32,38,54,55,32,74,45,60,35,53,37,66,60,64,68
57,62,64,42,29,50,41,69,43,40,40,52,32,83,23,41,65,23,67,72,53,62,34,29,57,51,33,55
44,46,33,38,70,61,55,55,12,43,43,65,38,40,14,48,72,48,62,29,57,51,37,49,60,35,63,45
41,74,30,59,38,42,45,15,53,48,9,57,51,26,66,62,31,72,23,42,54,55,66,60,50,59,45,49
42,48,59,57,61,29,51,44,62,72,45,47,59,54,50,57,30,70,30,35,60,32,51,59,30,51,39,42
46,57,51,57,80,27,16,59,55,40,63,74,59,33,69,51,69,61,48,71,28,58,41,60,58,56,57,62
52,20,38,25,82,32,77,50,57,49,37,50,52,61,61,52,49,53,35,52,53,56,52,93,20,60,58,42
41,26,35,59,60,33,71,50,47,53,48,43,32,65,51,74,37,36,25,49,59,63,21,60,22,39,38,36
49,38,50,50,61,67,44,14,64,54,49,63,43,27,66,28,46,40,55,41,60,61,49,39,50,67,64,54
32,45,50,32,54,55,40,63,51,31,40,46,58,62,54,36,63,66,56,75,45,48,56,28,89,58,62,42
33,63,53,14,63,69,47,66,14,56,80,67,32,39,62,48,40,34,65,35,69,46,13,22,41,21,27,32
59,46,20,29,31,57,68,70,50,25,54,61,54,51,55,53,65,74,67,58,40,57,53,30,62,25,57,48
13,31,47,44,53,26,43,43,33,70,34,43,51,54,56,50,38,62,41,54,56,44,50,30,81,88,36,46
56,68,24,71,58,66,39,24,68,24,55,49,42,67,59,56,60,36,55,22,44,48,54,54,48,76,57,67
43,49,30,46,69,52,52,42,74,51,70,62,50,34,30,61,54,30,63,77,18,47,83,69,53,53,55,52
76,61,60,26,63,49,39,38,47,35,29,54,58,51,54,47,49,56,50,94,38,46,72,33,67,50,61,74
39,31,79,61,94,36,35,38,60,42,26,55,29,82,33,51,6,40,12,39,41,44,31,65,59,68,71,49
49,49,62,4,61,19,67,34,62,60,50,40,74,29,44,52,55,65,46,24,48,43,49,68,54,60,53,66
41,71,66,39,29,47,72,32,38,63,54,51,29,81,31,52,46,26,47,62,8,32,59,39,65,36,34,66
55,46,45,46,72,55,52,85,44,91,56,29,53,67,26,60,69,66,57,56,46,45,25,74,67,49,43,51
54,49,41,50,62,62,34,38,58,28,55,27,48,85,37,73,38,19,25,40,55,43,38,41,54,82,41,31
52,46,9,47,46,69,28,64,46,68,59,63,28,52,57,56,59,58,19,65,71,75,42,53,51,61,70,40
50,47,55,40,14,56,51,56,59,48,35,40,68,34,51,78,68,45,29,46,29,58,64,50,44,51,56,28
29,19,28,38,0,53,65,63,31,39,71,55,44,54,50,38,63,58,61,63,50,36,24,57,72,52,65,48
52,44,61,38,34,33,59,39,57,65,60,58,52,65,54,39,29,74,23,55,50,42,27,47,63,56,40,36
54,32,54,35,46,56,44,77,51,40,55,55,45,43,23,67,64,31,34,51,49,27,37,52,54,61,49,72
61,45,55,50,41,47,41,56,52,72,57,59,50,59,56,95,31,29,52,46,98,61,74,40,61,77,50,47
67,59,42,37,42,34,31,49,64,54,41,58,53,51,15,39,52,48,43,44,53,42,67,48,23,79,99,34
53,41,61,87,63,26,33,86,30,35,33,58,65,52,50,39,61,25,54,29,59,53,62,44,31,51,48,67
54,81,20,28,32,55,30,48,64,29,61,56,29,48,27,59,69,33,13,20,45,28,51,52,62,52,29,49
58,9,38,75,38,26,58,70,70,55,31,50,20,60,54,49,70,65,51,58,57,32,54,42,42,49,62,59
47,59,55,63,48,41,42,33,23,27,64,41,28,43,49,56,53,40,57,65,22,58,52,57,52,50,61,61
58,27,48,29,57,46,73,48,2,39,50,52,50,55,48,30,18,70,51,59,55,32,53,59,52,48,49,21
42,48,27,45,40,64,63,27,51,43,30,17,13,54,49,65,33,25,47,38,37,56,43,49,57,17,27,48
43,67,36,60,53,78,61,39,70,61,75,57,33,67,27,40,47,58,49,53,40,66,47,42,35,63,50,37
29,45,25,78,78,29,48,0,60,-4,56,48,47,69,57,54,58,27,51,40,61,51,57,33,41,15,66,46
43,70,74,65,54,51,35,29,84,62,56,32,61,49,34,50,28,35,-2,78,66,53,68,47,45,70,52,56
35,44,41,45,26,34,18,61,42,81,36,47,45,44,61,55,41,64,18,45,38,71,59,30,44,52,23,54
71,51,53,68,12,35,47,30,46,52,61,48,61,68,44,59,70,55,47,47,58,9,51,35,71,51,40,28
35,33,38,27,32,75,51,52,59,55,33,16,67,36,51,73,20,50,44,40,62,31,51,61,56,57,35,46
45,68,45,40,74,39,50,20,51,17,47,40,57,27,29,48,64,48,45,54,52,47,85,54,77,47,93,39
43,59,79,33,42,50,53,49,53,60,49,62,45,54,46,52,35,49,25,55,67,38,56,46,36,58,28,39
45,69,75,62,51,45,37,28,59,17,47,65,47,50,21,88,42,14,47,50,49,56,46,57,42,28,57,63
42,53,45,41,56,52,32,45,55,48,58,51,47,47,73,45,55,56,46,40,63,75,45,55,69,73,36,34
23,68,48,20,64,36,40,64,29,71,43,55,50,54,35,64,68,61,36,68,58,50,50,28,51,69,22,78
53,47,50,61,70,71,20,56,60,22,64,48,66,35,47,40,32,26,38,76,39,57,39,59,64,48,0,48
47,45,40,66,48,32,38,36,43,33,42,37,32,61,48,32,31,48,69,56,73,44,54,45,71,41,44,44
24,39,44,17,25,52,66,58,45,40,50,51,45,66,44,49,46,33,67,43,78,59,71,26,68,31,46,70
44,62,48,74,48,55,66,40,63,54,71,68,42,61,49,36,34,75,33,24,26,30,54,32,56,53,44,52
63,50,53,70,63,66,47,57,51,72,86,56,57,64,28,48,48,55,77,61,38,65,58,63,67,50,44,53
29,48,45,71,52,53,47,48,60,64,58,45,49,58,51,62,50,47,58,69,35,40,62,47,36,80,51,63
57,50,23,56,35,10,60,9,26,44,41,57,42,40,40,39,66,57,54,17,64,74,26,15,57,56,33,49
25,49,39,47,44,64,43,58,47,60,58,36,75,38,64,41,40,54,47,15,96,56,28,63,20,68,42,36
76,55,66,61,37,48,54,37,55,64,43,30,56,55,41,79,22,38,49,22,43,58,80,68,38,48,45,37
15,27,34,75,54,38,55,46,41,69,50,62,56,61,56,57,43,50,39,58,52,40,44,28,39,41,66,46
42,49,59,63,71,58,44,66,36,63,62,55,48,64,60,56,58,41,61,46,53,47,28,50,54,26,61,70
53,36,36,61,49,58,65,82,47,68,48,46,60,63,35,25,24,32,21,31,41,79,30,70,48,39,30,41
64,69,66,64,40,51,71,53,29,56,73,23,51,44,32,44,47,39,41,48,46,49,52,55,51,55,45,61
72,63,57,47,21,56,25,55,64,45,33,48,41,33,22,58,41,49,56,78,34,49,66,24,52,50,56,52
35,41,53,41,52,46,47,33,12,35,68,55,68,55,29,60,74,55,48,32,63,63,60,48,69,61,38,59
44,57,41,53,66,35,44,45,29,31,52,47,47,72,55,57,18,43,49,69,50,61,44,70,73,60,34,42
33,37,59,63,65,34,55,41,52,45,40,71,55,40,32,52,48,42,45,76,51,20,48,87,47,66,71,49
39,24,76,72,52,59,38,44,78,42,30,51,58,68,47,46,61,59,78,44,66,80,48,44,39,58,39,48
49,59,65,51,41,57,75,44,25,37,30,76,61,37,50,44,29,65,59,36,14,42,36,75,56,52,44,72
41,31,27,64,43,34,84,65,35,58,83,53,48,61,47,41,48,36,61,77,56,41,36,50,37,39,60,59
43,19,26,36,53,54,51,36,32,28,46,44,66,51,61,48,74,49,47,36,50,54,33,38,45,58,62,37
24,65,48,61,28,51,53,31,58,60,46,38,68,45,53,35,50,53,51,38,48,62,35,80,54,28,56,48
46,81,56,42,49,98,28,68,50,43,37,40,31,75,61,39,39,55,45,44,43,63,48,44,40,42,46,65
33,51,55,64,69,29,29,38,56,65,61,36,29,54,70,48,29,63,60,46,32,29,58,50,22,17,32,64
30,50,43,39,59,53,40,36,47,64,33,37,53,51,60,37,66,42,31,37,49,58,76,18,63,54,57,77
74,92,54,42,45,50,35,57,50,38,36,48,66,61,43,59,42,34,52,53,36,52,63,41,62,72,44,37
44,50,61,37,46,14,43,46,35,45,66,36,71,43,45,57,33,58,40,56,56,57,43,10,35,63,74,20
43,44,50,27,34,75,43,40,61,49,34,88,40,30,57,49,72,63,54,56,49,50,88,53,16,43,35,33
46,57,57,33,53,51,33,28,39,67,47,69,55,27,44,43,52,45,39,51,56,60,52,68,50,52,50,59
50,20,68,56,37,43,36,61,41,30,70,44,24,56,28,37,-3,57,34,37,58,88,49,64,41,39,40,52
55,40,47,50,68,6,33,73,74,28,33,42,66,35,43,73,33,54,38,38,34,45,53,55,65,39,73,46
77,31,32,59,25,71,34,60,44,50,78,55,41,72,73,59,30,56,83,47,58,53,50,57,51,68,28,54
46,48,28,66,65,64,21,31,87,63,41,26,50,35,77,47,43,60,80,38,78,69,68,69,73,60,60,20
34,47,52,63,44,53,41,60,39,67,61,58,63,25,54,19,48,30,48,45,40,46,38,52,41,52,54,48
37,26,55,82,66,44,39,47,59,47,34,33,50,53,56,58,65,61,53,30,67,50,68,27,47,36,43,66
50,77,60,16,47,28,35,37,34,31,54,57,73,46,36,33,51,54,17,29,40,42,41,30,58,57,32,7
71,54,54,31,31,52,77,46,17,42,58,52,44,46,42,69,49,46,20,16,54,40,85,49,43,55,39,47
40,81,43,48,50,54,69,80,51,55,59,70,64,80,40,56,42,47,57,60,58,41,55,78,39,48,4,44
16,14,44,37,28,52,41,56,38,61,79,49,54,38,40,47,66,34,56,43,44,46,65,38,66,51,63,48
45,56,27,33,25,56,56,72,45,30,79,36,19,50,70,43,58,55,60,54,51,67,43,65,51,35,57,55
79,66,74,59,41,65,99,58,40,28,38,61,65,43,71,54,33,60,53,45,60,44,36,46,59,31,33,57
31,47,45,32,50,44,31,44,52,33,69,59,69,71,44,45,35,69,37,59,43,36,61,32,18,23,40,53
54,58,45,31,68,28,48,56,58,60,45,51,41,57,42,48,67,28,81,62,42,49,83,23,44,52,67,57
53,53,72,83,57,18,51,42,67,70,63,57,45,36,27,72,40,61,79,54,68,56,56,62,42,37,52,49
60,74,66,67,45,63,35,34,41,56,25,45,66,58,43,62,34,42,67,51,54,30,52,60,77,54,49,51
46,91,62,73,68,66,53,45,37,39,38,50,41,42,46,42,35,51,47,56,30,77,29,52,66,30,59,63
53,65,39,49,53,54,44,52,27,40,58,40,68,51,47,12,56,45,78,43,87,55,36,46,45,29,37,41
20,31,34,40,57,43,44,61,50,59,15,51,45,36,60,51,59,30,67,70,72,44,42,33,46,48,55,43
44,53,64,49,43,28,70,57,52,49,46,72,51,76,58,34,68,56,53,59,50,44,32,60,51,55,90,63
44,60,33,64,72,36,44,48,60,30,59,42,37,37,54,48,54,67,53,69,72,26,49,96,44,45,62,56
46,30,37,76,54,50,58,41,43,56,50,49,34,67,41,49,58,57,53,32,29,62,63,47,48,38,38,23
42,79,39,29,53,68,55,56,51,37,53,29,59,30,67,37,61,51,49,42,34,73,65,44,58,36,33,83
35,52,54,66,48,77,43,46,55,44,27,15,32,56,32,47,51,60,64,52,38,18,60,44,36,59,37,57
27,43,50,76,23,45,64,9,42,28,50,18,56,66,41,72,54,65,62,63,40,55,57,26,53,52,27,50
22,33,40,68,58,56,20,76,65,60,46,49,63,41,33,17,56,77,51,41,20,46,51,57,42,68,29,50
62,44,36,32,44,53,50,27,49,53,9,38,42,28,34,52,48,52,49,51,58,49,37,47,53,47,63,49
54,69,88,51,38,50,61,32,55,62,52,43,44,34,46,45,62,17,46,50,57,70,57,81,49,33,70,51
59,46,56,53,38,70,46,40,70,69,23,67,40,56,46,22,69,78,51,43,50,52,42,38,66,43,61,54
36,31,61,41,48,36,59,25,38,25,48,65,39,60,62,57,1,29,50,67,52,37,72,31,35,28,40,34
36,46,74,40,44,54,24,39,40,58,31,30,47,70,64,31,50,43,55,16,53,58,47,36,55,41,49,39
40,46,45,56,57,42,58,69,52,40,54,50,105,58,40,47,38,35,37,59,61,39,59,56,47,99,68,47
79,59,46,42,58,65,44,40,36,43,34,36,40,38,50,58,54,50,57,33,78,47,47,40,54,53,37,31
31,77,35,19,41,36,26,47,62,57,22,48,56,50,62,51,33,46,58,38,47,39,20,37,77,52,73,64
53,48,47,25,41,39,38,20,51,65,46,57,71,40,20,48,49,27,50,81,93,35,26,64,34,58,25,49
56,56,73,70,45,53,56,48,41,44,46,60,56,31,85,56,30,59,59,41,40,80,62,52,41,44,50,14
22,43,27,57,60,32,38,33,52,50,57,46,54,33,19,53,57,43,1,20,63,45,49,18,20,39,66,60
31,33,74,26,70,51,36,56,45,56,40,37,63,19,34,93,64,69,73,13,49,77,77,46,26,25,52,55
67,43,48,52,78,68,40,43,39,36,36,57,46,63,53,79,50,56,57,32,44,47,56,55,39,78,50,10
80,59,29,49,58,57,60,46,58,48,64,33,32,38,39,40,52,48,69,40,72,53,38,47,62,56,77,46
42,62,50,26,36,63,38,77,61,59,50,61,47,35,23,47,48,49,62,69,65,55,39,27,69,57,38,49
43,61,74,26,62,44,26,51,58,45,22,54,51,47,45,62,46,41,44,66,26,23,39,47,40,58,72,35
65,26,36,52,45,59,54,12,19,44,65,38,52,44,72,65,54,56,60,44,56,56,60,59,28,48,61,61
78,54,16,47,4,53,60,13,29,78,58,28,69,44,56,60,58,46,70,58,39,81,56,33,38,34,29,61
63,68,76,39,48,38,41,46,32,83,49,52,82,43,38,76,44,62,42,46,35,57,67,37,67,41,65,45
19,49,61,46,50,60,41,65,40,47,63,29,29,33,53,46,38,49,27,56,69,74,68,53,46,41,48,72
63,79,54,40,21,70,28,55,53,72,75,52,28,51,28,34,44,43,28,51,43,65,34,67,52,51,23,41
43,36,62,71,41,33,64,57,50,24,33,61,50,68,53,37,32,52,62,14,70,50,63,28,39,27,24,61
31,61,30,53,53,36,46,65,40,40,51,49,44,38,71,42,54,49,50,37,35,47,47,48,46,61,40,39
21,65,38,47,53,30,47,55,24,14,49,52,69,57,25,52,41,59,44,41,35,50,26,73,65,30,43,67
14,65,62,49,69,51,70,26,51,31,31,34,34,77,52,52,79,52,37,26,56,32,71,45,61,32,65,63
35,43,47,54,86,43,40,33,56,63,39,69,34,63,66,49,45,50,71,69,48,81,43,49,51,58,52,60
51,41,60,34,50,59,66,73,43,28,59,58,44,52,45,43,68,43,50,66,53,49,34,59,47,58,64,44
26,64,60,52,47,42,83,83,62,41,62,57,54,35,42,57,74,33,52,56,43,43,38,41,60,30,48,27
42,52,47,57,73,49,67,55,37,46,49,59,24,56,38,36,42,68,41,65,39,61,54,38,54,57,64,59
55,37,54,41,33,44,65,55,35,51,36,48,68,49,27,49,34,69,49,53,48,55,32,43,36,58,64,55
43,45,23,28,40,19,50,34,58,37,29,61,59,59,68,32,47,64,30,63,35,27,54,38,63,33,20,81
19,48,41,51,45,45,49,50,36,19,30,54,45,50,39,45,76,38,44,60,60,16,80,82,56,53,59,68
43,49,75,27,39,64,39,48,59,53,49,60,53,53,59,40,29,43,41,71,70,41,79,59,26,67,35,36
53,36,66,19,72,37,32,64,59,71,40,44,61,20,59,32,53,33,14,78,51,63,68,66,42,34,52,65
56,57,48,46,40,50,51,46,55,51,45,33,50,49,53,42,61,72,60,47,41,74,55,68,49,48,29,60
61,45,53,39,40,64,41,41,48,46,57,40,45,38,38,54,35,35,55,40,47,85,55,46,61,60,31,60
23,60,77,55,52,70,66,33,41,44,37,73,27,44,47,41,55,68,37,53,53,35,49,52,50,49,52,48
48,54,46,59,28,70,26,49,66,55,62,44,59,55,62,32,72,60,68,38,43,48,31,50,51,71,59,50
46,85,61,65,58,54,3,43,55,30,53,35,59,86,64,50,48,62,27,54,55,76,73,40,64,48,43,29
26,43,45,42,73,36,58,66,41,47,44,69,27,50,54,46,58,11,26,37,24,51,39,40,38,29,48,44
54,59,58,46,57,24,45,39,36,42,48,62,50,54,59,8,37,33,53,72,62,66,92,67,59,35,59,39
77,59,32,43,56,54,61,81,48,52,54,44,92,53,44,39,28,53,43,69,67,59,39,87,33,34,72,38
66,46,35,51,16,51,31,27,34,49,62,48,41,40,59,47,53,56,54,49,67,34,23,62,56,33,25,55
59,61,59,45,53,79,46,6,58,58,63,65,38,46,76,43,18,74,57,60,39,53,64,79,62,58,45,47
35,47,51,11,72,37,61,49,72,49,59,75,56,46,50,37,63,53,66,17,40,40,67,47,53,64,58,47
47,53,63,59,70,51,40,69,60,61,33,31,74,61,53,88,34,47,61,16,46,73,42,26,47,28,59,45
47,37,21,52,47,73,61,29,43,36,51,39,42,34,66,46,62,57,39,40,56,54,61,31,49,73,30,57
63,33,54,56,53,44,56,31,55,49,28,60,51,65,65,43,19,33,75,39,45,20,39,32,55,48,51,71
67,55,57,44,26,45,34,61,51,62,91,31,55,44,58,60,51,63,53,77,43,49,35,32,55,22,57,51
27,67,48,74,28,52,64,58,34,52,52,47,71,44,51,62,54,47,63,46,59,75,36,60,35,40,40,25
33,39,37,41,52,17,34,54,38,29,45,62,29,59,52,51,42,37,39,23,38,54,47,63,32,50,57,83
51,57,36,38,55,45,31,48,41,20,67,47,42,30,86,38,70,44,56,68,48,51,61,53,39,46,69,78
71,49,79,68,56,41,48,51,63,71,80,30,33,48,53,52,45,34,42,68,61,44,57,56,57,49,52,68
48,82,41,62,29,53,39,26,45,62,67,60,56,40,72,57,50,40,50,41,44,47,42,56,57,19,38,34
58,46,69,57,66,47,73,53,56,45,41,41,41,49,39,58,41,56,59,70,62,43,42,34,67,59,57,75
86,56,58,61,71,13,43,52,49,28,47,44,31,73,31,74,34,79,57,46,37,40,46,78,19,60,44,47
54,51,19,11,55,40,45,64,56,40,60,44,58,50,53,30,54,34,64,64,48,59,70,34,25,31,66,48
70,55,63,31,62,42,71,59,57,68,54,51,53,59,25,24,54,57,44,74,34,14,32,37,47,82,58,76
64,34,71,40,52,38,46,41,48,39,32,71,62,38,30,58,52,19,29,65,59,69,80,46,43,75,38,49
53,47,75,56,47,61,59,71,39,62,66,65,61,55,60,56,74,51,58,44,42,30,49,24,56,49,49,61
38,66,36,59,67,61,38,48,38,61,49,65,67,31,50,55,29,37,44,59,57,41,62,18,41,38,45,31
10,53,31,50,45,52,27,51,63,65,30,17,49,50,42,69,56,66,59,55,42,69,48,63,60,35,59,57
32,38,57,42,40,47,56,66,71,42,61,63,56,22,55,29,63,40,36,55,53,58,57,29,32,28,51,17
58,44,42,36,35,62,52,57,67,47,74,48,62,66,58,60,53,59,58,42,42,63,45,30,50,74,53,52
77,43,56,50,51,37,60,40,52,65,38,29,25,44,54,39,50,52,7,46,63,59,45,46,39,61,39,58
86,56,66,52,23,31,31,70,57,31,59,45,35,53,42,47,46,41,45,53,22,46,37,43,40,27,56,51
33,26,55,41,51,52,55,59,74,26,86,37,63,60,40,43,56,50,60,65,53,45,72,47,66,40,42,37
52,76,52,36,25,34,42,58,51,47,60,54,52,67,53,59,42,44,35,42,40,54,38,25,49,43,39,35
46,70,61,31,70,45,57,43,62,31,46,78,37,30,53,46,77,71,11,47,42,43,66,48,45,63,78,82
48,49,33,19,44,35,67,51,47,71,19,56,47,84,49,49,50,52,53,56,60,48,52,27,50,42,47,46
27,20,37,13,37,48,62,22,73,48,44,38,12,16,56,54,50,47,45,78,45,67,28,19,58,31,39,37
59,57,60,18,23,40,42,62,20,43,81,51,59,47,88,35,58,30,39,75,40,50,44,59,73,60,62,53
59,42,50,35,26,46,65,36,45,35,28,51,15,37,25,49,62,35,59,37,28,53,61,40,46,41,65,42
38,36,37,54,52,41,49,52,52,25,36,60,24,52,55,41,43,68,38,52,52,65,48,53,29,43,29,44
33,60,63,56,66,41,42,52,62,51,75,44,87,67,25,61,34,59,35,43,48,52,42,46,24,62,34,81
50,59,29,26,60,60,55,35,62,85,44,36,36,69,59,25,52,28,63,24,45,57,36,56,28,56,21,50
66,65,56,57,62,44,37,40,51,57,54,49,67,39,43,43,58,50,51,52,53,44,53,25,71,59,57,68
34,80,76,46,69,65,51,56,57,28,49,37,45,41,43,38,48,40,34,56,50,43,20,43,62,57,54,58
22,33,37,57,48,11,24,81,60,75,69,50,40,53,43,45,65,49,42,47,53,51,39,59,43,64,81,47
35,37,20,45,55,43,57,26,65,45,65,48,65,55,42,25,63,83,22,38,26,58,60,32,28,29,73,24
51,40,54,35,42,31,36,36,49,6,43,48,62,53,59,48,44,41,48,58,37,77,41,32,54,37,67,65
